name,country
Qal eh-ye,AFG
Chaghcharan,AFG
Lashkar Gah,AFG
Zaranj,AFG
Tarin Kowt,AFG
Zareh Sharan,AFG
Asadabad,AFG
Taloqan,AFG
Mahmud-E Eraqi,AFG
Mehtar Lam,AFG
Baraki Barak,AFG
Aybak,AFG
Mayda Shahr,AFG
Karokh,AFG
Sheberghan,AFG
Pol-e Khomri,AFG
Balkh,AFG
Meymaneh,AFG
Andkhvoy,AFG
Qalat,AFG
Ghazni,AFG
Feyzabad,AFG
Kondoz,AFG
Jalalabad,AFG
Charikar,AFG
Gardiz,AFG
Bamian,AFG
Baghlan,AFG
Farah,AFG
Herat,AFG
Mazar-e Sharif,AFG
Kandahar,AFG
Kabul,AFG
Mariehamn,ALD
Kruje,ALB
Fier,ALB
Lushnje,ALB
Puke,ALB
Bajram Curri,ALB
Kukes,ALB
Sarande,ALB
Erseke,ALB
Pogradec,ALB
Korce,ALB
Berat,ALB
Corovode,ALB
Gramsh,ALB
Librazhd,ALB
Tepelene,ALB
Permet,ALB
Gjirokaster,ALB
Peshkopi,ALB
Burrel,ALB
Lezhe,ALB
Rreshen,ALB
Vlore,ALB
Elbasan,ALB
Durres,ALB
Shkoder,ALB
Tirana,ALB
Jijel,DZA
Tizi-Ouzou,DZA
Bordj Bou Arreridj,DZA
M'sila,DZA
Guelma,DZA
Oum el Bouaghi,DZA
Timimoun,DZA
Sidi bel Abbes,DZA
Tlimcen,DZA
Beni Ounif,DZA
Abadla,DZA
Sefra,DZA
Skikda,DZA
Djanet,DZA
I-n-Amenas,DZA
In Amguel,DZA
El Bayadh,DZA
El Oued,DZA
Hassi Messaoud,DZA
Chlef,DZA
Mascara,DZA
Mostaganem,DZA
Saida,DZA
Tiarat,DZA
Bejaia,DZA
Blida,DZA
Bouira,DZA
Medea,DZA
Souk Ahras,DZA
Tebessa,DZA
Adrar,DZA
Reggane,DZA
Bechar,DZA
Tindouf,DZA
Illizi,DZA
Arak,DZA
I-n-Salah,DZA
El Golea,DZA
Laghouat,DZA
Touggourt,DZA
Ouargla,DZA
Biskra,DZA
Djelfa,DZA
Setif,DZA
Batna,DZA
Annaba,DZA
Constantine,DZA
Oran,DZA
Tamanrasset,DZA
Ghardaia,DZA
Algiers,DZA
Pago Pago,ASM
Andorra,AND
Mucusso,AGO
Lucapa,AGO
Capenda-Camulemba,AGO
Saurimo,AGO
Muconda,AGO
Cacolo,AGO
Caxito,AGO
Camabatela,AGO
Ndalatando,AGO
Quibala,AGO
Calulo,AGO
Waku Kungo,AGO
Songo,AGO
Mbanza-Congo,AGO
Nzeto,AGO
Soyo,AGO
Cabinda,AGO
Calucinga,AGO
Camacupa,AGO
Cubal,AGO
Mavinga,AGO
Cuito Caunavale,AGO
Luiana,AGO
Ondjiva,AGO
Chitado,AGO
Chibemba,AGO
Chibia,AGO
Quipungo,AGO
Luau,AGO
Cangamba,AGO
Lumbala Nguimbo,AGO
Cazombo,AGO
Dundo,AGO
Ambriz,AGO
Dondo,AGO
Sumbe,AGO
Uige,AGO
Kuito,AGO
Lobito,AGO
Xangongo,AGO
Luena,AGO
Tombua,AGO
Malanje,AGO
Benguela,AGO
Lubango,AGO
Namibe,AGO
Menongue,AGO
Huambo,AGO
Luanda,AGO
Artigas Base,ATA
Capitan Arturo Prat Station,ATA
Vicecomodoro Marambio Station,ATA
Terra Nova Bay,ATA
Rothera Station,ATA
Palmer Station,ATA
Teniente Rodolfo Marsh Station,ATA
Teniente Jubany Station,ATA
King Sejong Station,ATA
Great Wall Station,ATA
Escudero Station,ATA
Elephant Island,AQ
Scott Base,ATA
McMurdo Station,ATA
Zhongshan Station,ATA
Vostok,ATA
Peter I Island,ATA
Mirny Station,ATA
Mawson Station,ATA
Davis Station,ATA
Concordia Research Station,ATA
Casey Station,ATA
Wasa Station,ATA
Troll Station,ATA
Svea Station,ATA
Novolazarevskaya Station,ATA
Neumayer,ATA
Maitri Station,ATA
Halley Station,ATA
General Belgrano Station,ATA
Doctor Sobral,ATA
Aboa Station,ATA
General Bernado O'Higgins Station,ATA
Esperanza Station,ATA
Orcadas Station,ATA
Signy Island,ATA
Dumont d'Urville Station,ATA
Showa Station,ATA
Saint John's,ATG
28 de Noviembre,ARG
Gobernador Gregores,ARG
Comondante Luis Piedrabuena,ARG
Paso Rio Mayo,ARG
Alto Rio Sanguer,ARG
El Maiten,ARG
Puerto Madryn,ARG
Trelew,ARG
Las Heras,ARG
San Martin,ARG
Uspallata,ARG
Cutral Co,ARG
Punta Alta,ARG
San Nicolas,ARG
Campana,ARG
Chacabuco,ARG
Mercedes,ARG
Lincoln,ARG
Chivilcoy,ARG
Veinticinco de Mayo,ARG
Nueve de Julio,ARG
Dolores,ARG
Pedro Luro,ARG
Tres Arroyos,ARG
Coronel Suarez,ARG
Balcarce,ARG
25 de Mayo,ARG
General Roca,ARG
Comallo,ARG
Ingeniero Jacobacci,ARG
General Conesa,ARG
Choele Choel,ARG
San Francisco,ARG
Alta Gracia,ARG
Villa Maria,ARG
Bell Ville,ARG
Villa Rumipal,ARG
Villa Carlos Paz,ARG
Chumbicha,ARG
Tinogasta,ARG
Abra Pampa,ARG
Humahuaca,ARG
Susques,ARG
Chepes,ARG
Yacuiba,ARG
Tartagal,ARG
Joaquin V. Gonzalez,ARG
General Guemes,ARG
Trancas,ARG
Presidencia Roque Saenz Pena,ARG
Pampa del Infierno,ARG
Villa Angela,ARG
Ingeniero Guillermo N. Juarez,ARG
Comandante Fontana,ARG
Doctor Pedro P. Pena,ARG
San Lorenzo,ARG
Corrientes,ARG
Concepcion del Uruguay,ARG
Victoria,ARG
Gualeguay,ARG
Parana,ARG
Villa Constitucion,ARG
Rafaela,ARG
Eldorado,ARG
Rodeo,ARG
Las Plumas,ARG
Gastre,ARG
Telsen,ARG
Malargue,ARG
Tunuyan,ARG
La Paz,ARG
Chos Malal,ARG
Las Lajas,ARG
Zarate,ARG
Carhue,ARG
Darregueira,ARG
Juarez,ARG
Mar de Ajo,ARG
Lobos,ARG
Chascomus,ARG
Junin,ARG
La Plata,ARG
Pergamino,ARG
Lujan,ARG
Azul,ARG
Villalonga,ARG
Victorica,ARG
General Pico,ARG
San Antonio Oeste,ARG
Sierra Colorado,ARG
Mercedes,ARG
Rio Tercero,ARG
Belen,ARG
Rinconada,ARG
San Pedro,ARG
Libertador General San Martin,ARG
Chilecito,ARG
Chamical,ARG
Los Blancos,ARG
Cafayate,ARG
Cerrillos,ARG
San Antonio de los Cobres,ARG
Anatuya,ARG
Frias,ARG
Monte Quemado,ARG
Juan Jose Castelli,ARG
Charata,ARG
Las Lomitas,ARG
Mercedes,ARG
Concordia,ARG
Sunchales,ARG
San Justo,ARG
Vera,ARG
Reconquista,ARG
Venado Tuerto,ARG
Esquel,ARG
Zapala,ARG
Olavarria,ARG
Tandil,ARG
Viedma,ARG
San Luis,ARG
Rio Cuarto,ARG
San Salvador de Jujuy,ARG
San Ramon de la Nueva Oran,ARG
Goya,ARG
Puerto San Julian,ARG
Perito Moreno,ARG
Rio Grande,ARG
Ushuaia,ARG
Sarmiento,ARG
San Rafael,ARG
Necochea,ARG
Rio Colorado,ARG
Catamarca,ARG
La Rioja,ARG
Santiago del Estero,ARG
Resistencia,ARG
Gualeguaychu,ARG
El Calafate,ARG
San Juan,ARG
Rawson,ARG
Neuquen,ARG
Santa Rosa,ARG
San Carlos de Bariloche,ARG
Salta,ARG
San Miguel de Tucuman,ARG
Formosa,ARG
Santa Fe,ARG
Rosario,ARG
Puerto Deseado,ARG
Rio Gallegos,ARG
Comodoro Rivadavia,ARG
Mendoza,ARG
Bahia Blanca,ARG
Mar del Plata,ARG
Cordoba,ARG
Posadas,ARG
Buenos Aires,ARG
Ashtarak,ARM
Ijevan,ARM
Artashat,ARM
Gavarr,ARM
Yeghegnadzor,ARM
Gyumri,ARM
Vanadzor,ARM
Yerevan,ARM
Oranjestad,ABW
Central Coast,AUS
Sunshine Coast,AUS
Bourke,AUS
Pine Creek,AUS
Adelaide River,AUS
McMinns Lagoon,AUS
Newcastle Waters,AUS
Ravensthorpe,AUS
Wagin,AUS
Roebourne,AUS
Pannawonica,AUS
Tom Price,AUS
Kalbarri,AUS
Mount Magnet,AUS
Morawa,AUS
Port Denison,AUS
Merredin,AUS
Mount Barker,AUS
Katanning,AUS
Narrogin,AUS
Gingin,AUS
Bunbury,AUS
Kwinana,AUS
Southern Cross,AUS
Kaltukatjara,AUS
Queanbeyan,AUS
Tweed Heads,AUS
Ivanhoe,AUS
Wilcannia,AUS
Merimbula,AUS
Echuca,AUS
Deniliquin,AUS
Nowra,AUS
Ulladulla,AUS
Batemans Bay,AUS
Cooma,AUS
Tumut,AUS
Leeton,AUS
Young,AUS
Cowra,AUS
Forbes,AUS
Goulburn,AUS
Kiama,AUS
Katoomba,AUS
Richmond,AUS
Lithgow,AUS
Parkes,AUS
Bathurst,AUS
Maitland,AUS
Singleton,AUS
Mudgee,AUS
Muswellbrook,AUS
Taree,AUS
Kempsey,AUS
Gunnedah,AUS
Coffs Harbour,AUS
Narrabri,AUS
Inverell,AUS
Yamba,AUS
Ballina,AUS
Wagga Wagga,AUS
Scone,AUS
Byron Bay,AUS
Berri,AUS
Peterborough,AUS
Wallaroo,AUS
Clare,AUS
Meningie,AUS
Kingston South East,AUS
Bordertown,AUS
Penola,AUS
Kingoonya,AUS
Kimba,AUS
Streaky Bay,AUS
Cowell,AUS
Tumby Bay,AUS
Andamooka,AUS
Woomera,AUS
Port Pirie,AUS
Gawler,AUS
Murray Bridge,AUS
Victor Harbor,AUS
Hamilton,AUS
Ouyen,AUS
Colac,AUS
Stawell,AUS
Horsham,AUS
Ararat,AUS
Maryborough,AUS
Bairnsdale,AUS
Sale,AUS
Traralgon,AUS
Wonthaggi,AUS
Cranbourne,AUS
Ballarat,AUS
Melton,AUS
Seymour,AUS
Shepparton,AUS
Cobram,AUS
Swan Hill,AUS
Sunbury,AUS
Proserpine,AUS
Theodore,AUS
Eidsvold,AUS
Barcaldine,AUS
Winton,AUS
Longreach,AUS
Caboolture,AUS
Warwick,AUS
Kingaroy,AUS
Dalby,AUS
Bongaree,AUS
Gympie,AUS
Ingham,AUS
Birdsville,AUS
Bedourie,AUS
Boulia,AUS
Richmond,AUS
Burketown,AUS
Hervey Bay,AUS
Biloela,AUS
Yeppoon,AUS
Emerald,AUS
Moranbah,AUS
Charters Towers,AUS
Ayr,AUS
Atherton,AUS
Port Douglas,AUS
Smithton,AUS
Bicheno,AUS
Oatlands,AUS
Queenstown,AUS
Kingston,AUS
Tennant Creek,AUS
Yulara,AUS
Erldunda,AUS
Norseman,AUS
Halls Creek,AUS
Kununurra,AUS
Derby,AUS
Onslow,AUS
Exmouth,AUS
Carnarvon,AUS
Newman,AUS
Meekatharra,AUS
Three Springs,AUS
Manjimup,AUS
Northam,AUS
Esperance,AUS
Leonara,AUS
Laverton,AUS
Wyndham,AUS
Albury,AUS
Forster-Tuncurry,AUS
Port Macquarie,AUS
Tamworth,AUS
Grafton,AUS
Moree,AUS
Goondiwindi,AUS
Lismore,AUS
Wollongong,AUS
Ceduna,AUS
Mount Gambier,AUS
Port Augusta,AUS
Warrnambool,AUS
Mildura,AUS
Geelong,AUS
Camooweal,AUS
Quilpie,AUS
Charleville,AUS
Hughenden,AUS
Caloundra,AUS
Roma,AUS
Toowoomba,AUS
Georgetown,AUS
Thargomindah,AUS
Weipa,AUS
Karumba,AUS
Cloncurry,AUS
Maryborough,AUS
Bundaberg,AUS
Gladstone,AUS
Bowen,AUS
Innisfail,AUS
Mackay,AUS
Burnie,AUS
Launceston,AUS
Katherine,AUS
Busselton,AUS
Mandurah,AUS
Broome,AUS
Kalgoorlie,AUS
Albany,AUS
Port Hedland,AUS
Karratha,AUS
Geraldton,AUS
Griffith,AUS
Orange,AUS
Dubbo,AUS
Armidale,AUS
Broken Hill,AUS
Port Lincoln,AUS
Whyalla,AUS
Portland,AUS
Bendigo,AUS
Wangaratta,AUS
Windorah,AUS
Mount Isa,AUS
Rockhampton,AUS
Cairns,AUS
Gold Coast,AUS
Devonport,AUS
Darwin,AUS
Alice Springs,AUS
Canberra,AUS
Newcastle,AUS
Adelaide,AUS
Townsville,AUS
Brisbane,AUS
Hobart,AUS
Perth,AUS
Melbourne,AUS
Sydney,AUS
Bregenz,AUT
Eisenstadt,AUT
Wiener Neustadt,AUT
Graz,AUT
Klagenfurt,AUT
Linz,AUT
Passau,AUT
Salzburg,AUT
Innsbruck,AUT
Vienna,AUT
Gadabay,AZE
Goranboy,AZE
Tovuz,AZE
Agdam,AZE
Qabala,AZE
Oguz,AZE
Ganca,AZE
Yevlax,AZE
Sumqayt,AZE
Ali Bayramli,AZE
Goycay,AZE
Lankaran,AZE
Saki,AZE
Stepanakert,AZE
Kapan,AZE
Naxcivan,AZE
Baku,AZE
Manama,BHR
Tangail,BGD
Sylhet,BGD
Mymensingh,BGD
Jamalpur,BGD
Narayanganj,BGD
Jessore,BGD
Barisal,BGD
Comilla,BGD
Pabna,BGD
Nawabganj,BGD
Saidpur,BGD
Rangpur,BGD
Khulna,BGD
Rajshahi,BGD
Dhaka,BGD
Chittagong,BGD
Bridgetown,BRB
Baranavichy,BLR
Polatsk,BLR
Maladzyechna,BLR
Pinsk,BLR
Mazyr,BLR
Mahilyow,BLR
Babruysk,BLR
Orsha,BLR
Lida,BLR
Hrodna,BLR
Barysaw,BLR
Homyel,BLR
Vitsyebsk,BLR
Brest,BLR
Minsk,BLR
Mons,BEL
Hasselt,BEL
Arlon,BEL
Gent,BEL
Liege,BEL
Brugge,BEL
Namur,BEL
Charleroi,BEL
Antwerpen,BEL
Antwerp,BEL
Brussels,BEL
El Cayo,BLZ
Corozal,BLZ
Dangriga,BLZ
Belize City,BLZ
Orange Walk,BLZ
Punta Gorda,BLZ
Belmopan,BLZ
Lokossa,BEN
Kandi,BEN
Ouidah,BEN
Abomey,BEN
Natitingou,BEN
Djougou,BEN
Parakou,BEN
Porto-Novo,BEN
Cotonou,BEN
Hamilton,BMU
Paro,BTN
Punakha,BTN
Wangdue Prodrang,BTN
Thimphu,BTN
Punata,BOL
Cliza,BOL
Quillacollo,BOL
Puerto Villarroel,BOL
Tarabuco,BOL
Guayaramerin,BOL
Santa Ana,BOL
Baures,BOL
Sica Sica,BOL
Rurrenabaque,BOL
Sorata,BOL
Achacachi,BOL
Viacha,BOL
Quime,BOL
Llallagua,BOL
Uncia,BOL
Uyuni,BOL
Villa Martin,BOL
Betanzos,BOL
Portachuelo,BOL
Samaipata,BOL
Cuevo,BOL
San Carlos,BOL
San Lorenzo,BOL
Entre Rios,BOL
Aiquile,BOL
Padilla,BOL
Camargo,BOL
Reyes,BOL
San Borja,BOL
Magdalena,BOL
San Ramon,BOL
Puerto Heath,BOL
Charana,BOL
Puerto Acosta,BOL
Apolo,BOL
Coroico,BOL
Coro Coro,BOL
Sabaya,BOL
Challapata,BOL
Llica,BOL
Potosi,BOL
Villazon,BOL
Tupiza,BOL
Montero,BOL
Piso Firme,BOL
Robore,BOL
Puerto Quijarro,BOL
San Ignacio,BOL
Ascension,BOL
San Javier,BOL
San Rafael,BOL
Vallegrande,BOL
Puerto Suarez,BOL
Charagua,BOL
Villamontes,BOL
Bermejo,BOL
Cochabamba,BOL
Oruro,BOL
Camiri,BOL
Cobija,BOL
San Matias,BOL
Trinidad,BOL
Tarija,BOL
Sucre,BOL
Riberalta,BOL
La Paz,BOL
Santa Cruz,BOL
Zenica,BIH
Mostar,BIH
Tuzla,BIH
Prijedor,BIH
Banja Luka,BIH
Sarajevo,BIH
Mochudi,BWA
Ghanzi,BWA
Lokhwabe,BWA
Lehututu,BWA
Tshabong,BWA
Tsau,BWA
Nokaneng,BWA
Mohembo,BWA
Maun,BWA
Kasane,BWA
Nata,BWA
Mopipi,BWA
Palapye,BWA
Lobatse,BWA
Kanye,BWA
Molepolole,BWA
Francistown,BWA
Mahalapye,BWA
Serowe,BWA
Gaborone,BWA
Grajau,BRA
Presidente Dutra,BRA
Itapecuru Mirim,BRA
Sao Jose de Ribamar,BRA
Santa Ines,BRA
Rosario,BRA
Timon,BRA
Capanema,BRA
Portel,BRA
Itupiranga,BRA
Pimenta Bueno,BRA
Ponta Pora,BRA
Maracaju,BRA
Jardim,BRA
Tres Lagoas,BRA
Guanhaes,BRA
Leopoldina,BRA
Nova Lima,BRA
Pouso Alegre,BRA
Itauna,BRA
Caratinga,BRA
Diamantina,BRA
Nanuque,BRA
Barbacena,BRA
Pocos de Caldas,BRA
Guaxupe,BRA
Sao Joao del Rei,BRA
Muriae,BRA
Passos,BRA
Conselheiro Lafaiete,BRA
Formiga,BRA
Frutal,BRA
Iturama,BRA
Ituiutaba,BRA
Araguari,BRA
Almenara,BRA
Varzea Grande,BRA
Caceres,BRA
Santana do Livramento,BRA
Canoas,BRA
Quarai,BRA
Santa Vitoria do Palmar,BRA
Sao Lourenco do Sul,BRA
Canela,BRA
Sao Gabriel,BRA
Rosario do Sul,BRA
Cachoeira do Sul,BRA
Osorio,BRA
Santa Cruz do Sul,BRA
Sao Luiz Gonzaga,BRA
Santo Angelo,BRA
Carazinho,BRA
Erechim,BRA
Guaira,BRA
Palmas,BRA
Arapongas,BRA
Paranagua,BRA
Sao Jose dos Pinhais,BRA
Guarapuava,BRA
Rio Negro,BRA
Apucarana,BRA
Lapa,BRA
Irati,BRA
Castro,BRA
Telemaco Borba,BRA
Jacarezinho,BRA
Concordia,BRA
Blumenau,BRA
Brusque,BRA
Ararangua,BRA
Jaragua do Sul,BRA
Tubarao,BRA
Laguna,BRA
Joacaba,BRA
Cacador,BRA
Canoinhas,BRA
Camocim,BRA
Russas,BRA
Sobral,BRA
Iguatu,BRA
Quixada,BRA
Caninde,BRA
Campo Maior,BRA
Barras,BRA
Rio Largo,BRA
Palmeira dos Indios,BRA
Santa Cruz Cabralia,BRA
Paulo Afonso,BRA
Brumado,BRA
Jaguaquara,BRA
Itapetinga,BRA
Ubaitaba,BRA
Cachoeiro de Itapemirim,BRA
Barra Mansa,BRA
Nova Iguacu,BRA
Duque de Caxias,BRA
Niteroi,BRA
Cabo Frio,BRA
Macae,BRA
Miracema,BRA
Apodi,BRA
Santa Cruz,BRA
Morrinhos,BRA
Ceres,BRA
Catalao,BRA
Cristalina,BRA
Trindade,BRA
Ipora,BRA
Inhumas,BRA
Itaberai,BRA
Santo Andre,BRA
Pindamonhangaba,BRA
Rio Claro,BRA
Ourinhos,BRA
Itanhaem,BRA
Jaboticabal,BRA
Braganca Paulista,BRA
Jundiai,BRA
Sao Jose dos Campos,BRA
Guaratingueta,BRA
Pirassununga,BRA
Americana,BRA
Piracicaba,BRA
Sao Joao da Boa Vista,BRA
Sao Carlos,BRA
Tupa,BRA
Penapolis,BRA
Presidente Prudente,BRA
Registro,BRA
Tatui,BRA
Avare,BRA
Garca,BRA
Catanduva,BRA
Batatais,BRA
Barretos,BRA
Marilia,BRA
Itu,BRA
Itapetininga,BRA
Jaboatao,BRA
Olinda,BRA
Cabo de Santo Agostinho,BRA
Carpina,BRA
Arcoverde,BRA
Manacapuru,BRA
Maues,BRA
Pedreiras,BRA
Codo,BRA
Coroata,BRA
Chapadinha,BRA
Pinheiro,BRA
Barra do Corda,BRA
Viana,BRA
Colinas,BRA
Viseu,BRA
Capitao Poco,BRA
Castanhal,BRA
Salinopolis,BRA
Alenquer,BRA
Oriximina,BRA
Xinguara,BRA
Jacunda,BRA
Uruara,BRA
Altamira,BRA
Paragominas,BRA
Cameta,BRA
Rolim de Moura,BRA
Ariquemes,BRA
Abuna,BRA
Tocantinopolis,BRA
Gurupi,BRA
Aquidauana,BRA
Paranaiba,BRA
Sete Lagoas,BRA
Divinopolis,BRA
Ipatinga,BRA
Araxa,BRA
Lavras,BRA
Uba,BRA
Campo Belo,BRA
Ponte Nova,BRA
Curvelo,BRA
Paracatu,BRA
Bocaiuva,BRA
Aracuai,BRA
Janauba,BRA
Juina,BRA
Barra do Garcas,BRA
Pontes e Lacerda,BRA
Barra do Bugres,BRA
Rondonopolis,BRA
Uruguaiana,BRA
Sao Borja,BRA
Novo Hamburgo,BRA
Rio Grande,BRA
Camaqua,BRA
Bento Goncalves,BRA
Vacaria,BRA
Ijui,BRA
Santa Rosa,BRA
Maringa,BRA
Cascavel,BRA
Campo Murao,BRA
Foz do Iguacu,BRA
Sao Francisco do Sul,BRA
Porto Uniao,BRA
Itajai,BRA
Imbituba,BRA
Lajes,BRA
Granja,BRA
Crato,BRA
Itapipoca,BRA
Paracuru,BRA
Acarau,BRA
Taua,BRA
Crateus,BRA
Baturite,BRA
Ipu,BRA
Floriano,BRA
Piripiri,BRA
Penedo,BRA
Itabuna,BRA
Itamaraju,BRA
Guanambi,BRA
Porto Seguro,BRA
Valenca,BRA
Serrinha,BRA
Tucano,BRA
Senhor do Bonfim,BRA
Remanso,BRA
Itambe,BRA
Bom Jesus da Lapa,BRA
Itaberaba,BRA
Sao Mateus,BRA
Patos,BRA
Volta Redonda,BRA
Petropolis,BRA
Nova Cruz,BRA
Caico,BRA
Acu,BRA
Estancia,BRA
Caracarai,BRA
Porto Santana,BRA
Rio Verde,BRA
Pires do Rio,BRA
Anapolis,BRA
Goianesia,BRA
Niquelandia,BRA
Itumbiara,BRA
Jatai,BRA
Mineiros,BRA
Formosa,BRA
Sao Jose do Rio Preto,BRA
Limeira,BRA
Taubate,BRA
Jau,BRA
Assis,BRA
Itapeva,BRA
Botucatu,BRA
Novo Horizonte,BRA
Andradina,BRA
Fernandopolis,BRA
Barreiros,BRA
Salgueiro,BRA
Goiana,BRA
Timbauba,BRA
Bacabal,BRA
Braganca,BRA
Obidos,BRA
Guajara-Miram,BRA
Porto Nacional,BRA
Dourados,BRA
Governador Valadares,BRA
Pirapora,BRA
Juiz de Fora,BRA
Santa Maria,BRA
Passo Fundo,BRA
Xapeco,BRA
Joinville,BRA
Juazeiro do Norte,BRA
Nova Vicosa,BRA
Alagoinhas,BRA
Juazeiro,BRA
Vitoria,BRA
Joao Pessoa,BRA
Campina Grande,BRA
Nova Friburgo,BRA
Aracatuba,BRA
Sena Madureira,BRA
Fonte Boa,BRA
Eirunepe,BRA
Manicore,BRA
Barcelos,BRA
Tonantins,BRA
Tefe,BRA
Coari,BRA
Sao Cabriel da Cachoeira,BRA
Novo Airao,BRA
Itacoatiara,BRA
Parintins,BRA
Natal,BRA
Crato,BRA
Imperatriz,BRA
Balsas,BRA
Breves,BRA
Jacareacanga,BRA
Tucurui,BRA
Itaituba,BRA
Conceicao do Araguaia,BRA
Abaetetuba,BRA
Principe da Beira,BRA
Araguaina,BRA
Palmas,BRA
Teofilo Otoni,BRA
Uberaba,BRA
Januaria,BRA
Mato Grosso,BRA
Aripuana,BRA
Sinop,BRA
Jaguarao,BRA
Bage,BRA
Londrina,BRA
Criciuma,BRA
Aracati,BRA
Ico,BRA
Parnaiba,BRA
Picos,BRA
Arapiraca,BRA
Jequie,BRA
Ilheus,BRA
Canavieiras,BRA
Santa Maria da Vitoria,BRA
Irece,BRA
Xique-Xique,BRA
Linhares,BRA
Campos,BRA
Mossoro,BRA
Aracaju,BRA
Laranjal do Jari,BRA
Amapa,BRA
Vila Velha,BRA
Santos,BRA
Bauru,BRA
Iguape,BRA
Franca,BRA
Garanhuns,BRA
Caruaru,BRA
Rio Branco,BRA
Sao Luis,BRA
Porto Velho,BRA
Alvorada,BRA
Corumba,BRA
Belo Horizonte,BRA
Montes Claros,BRA
Uberlandia,BRA
Colider,BRA
Alta Floresta,BRA
Cuiaba,BRA
Pelotas,BRA
Caxias do Sul,BRA
Ponta Grossa,BRA
Teresina,BRA
Maceio,BRA
Vitoria da Conquista,BRA
Barreiras,BRA
Vila Velha,BRA
Natal,BRA
Campinas,BRA
Sorocaba,BRA
Ribeirao Preto,BRA
Petrolina,BRA
Cruzeiro do Sul,BRA
Manaus,BRA
Caxias,BRA
Santarem,BRA
Maraba,BRA
Vilhena,BRA
Ji-Parana,BRA
Campo Grande,BRA
Florianopolis,BRA
Feira de Santana,BRA
Boa Vista,BRA
Macapa,BRA
Belem,BRA
Brasilia,BRA
Porto Alegre,BRA
Curitiba,BRA
Fortaleza,BRA
Salvador,BRA
Goiania,BRA
Recife,BRA
Rio de Janeiro,BRA
Sao Paulo,BRA
Bandar Seri Begawan,BRN
Lovec,BGR
Montana,BGR
Razgrad,BGR
Sliven,BGR
Plovdiv,BGR
Pernik,BGR
Vratsa,BGR
Shumen,BGR
Khaskovo,BGR
Stara Zagora,BGR
Pleven,BGR
Turnovo,BGR
Kyustendil,BGR
Dobrich,BGR
Varna,BGR
Ruse,BGR
Burgas,BGR
Sofia,BGR
Fada Ngourma,BFA
Orodara,BFA
Solenzo,BFA
Nouna,BFA
Dedougou,BFA
Gorom Gorom,BFA
Djibo,BFA
Tougan,BFA
Kombissiri,BFA
Ziniare,BFA
Yako,BFA
Reo,BFA
Leo,BFA
Sapouy,BFA
Boulsa,BFA
Zorgo,BFA
Koupela,BFA
Po,BFA
Manga,BFA
Diebougou,BFA
Gaoua,BFA
Bogande,BFA
Dori,BFA
Sebba,BFA
Diapaga,BFA
Koudougou,BFA
Ouahigouya,BFA
Kaya,BFA
Tenkodogo,BFA
Banfora,BFA
Bobo Dioulasso,BFA
Ouagadougou,BFA
Cankuzo,BDI
Karusi,BDI
Rutana,BDI
Ruyigi,BDI
Bubanza,BDI
Kayanza,BDI
Makamba,BDI
Ngozi,BDI
Kirundo,BDI
Muramvya,BDI
Bururi,BDI
Muyinga,BDI
Gitega,BDI
Bujumbura,BDI
Kampong Spoe,KHM
Kampong Thum,KHM
Prey Veng,KHM
Phnum Tbeng Meanchey,KHM
Stoeng Treng,KHM
Kracheh,KHM
Senmonorom,KHM
Lumphat,KHM
Svay Rieng,KHM
Sisophon,KHM
Krong Koh Kong,KHM
Pursat,KHM
Kampong Cham,KHM
Kompong Chhnang,KHM
Kampot,KHM
Takeo,KHM
Battambang,KHM
Siem Reap,KHM
Phnom Penh,KHM
Buea,CMR
Bafang,CMR
Foumban,CMR
Bafoussam,CMR
Kumba,CMR
Eyumojok,CMR
Limbe,CMR
Kribi,CMR
Nkongsamba,CMR
Edea,CMR
Wum,CMR
Kumbo,CMR
Bafia,CMR
Mbalmayo,CMR
Eseka,CMR
Bertoua,CMR
Abong Mbang,CMR
Batouri,CMR
Belabo,CMR
Meiganga,CMR
Ngaoundere,CMR
Tibati,CMR
Kontcha,CMR
Guider,CMR
Mbe,CMR
Douala,CMR
Ebolowa,CMR
Bamenda,CMR
Garoua,CMR
Maroua,CMR
Yaounde,CMR
Selkirk,CAN
Berens River,CAN
Pukatawagan,CAN
Gimli,CAN
Island Lake,CAN
Melville,CAN
Weyburn,CAN
La Ronge,CAN
Stony Rapids,CAN
Camrose,CAN
Hinton,CAN
Vegreville,CAN
Stettler,CAN
Lac La Biche,CAN
Wetaskiwin,CAN
Meander River,CAN
Creston,CAN
Cranbrook,CAN
Terrace,CAN
Chilliwack,CAN
Hall Beach,CAN
Lutselke,CAN
Hay River,CAN
Deline,CAN
Paulatuk,CAN
Tsiigehtchic,CAN
Owen Sound,CAN
Orillia,CAN
Kapuskasing,CAN
Thessalon,CAN
Geraldton,CAN
Belleville,CAN
Sarnia,CAN
Peterborough,CAN
Oshawa,CAN
Kitchener,CAN
New Liskeard,CAN
Brockville,CAN
Big Beaver House,CAN
Port-Menier,CAN
Riviere-du-Loup,CAN
Drummondville,CAN
Sherbrooke,CAN
Cap-Chat,CAN
Baie-Comeau,CAN
Natashquan,CAN
Eastmain,CAN
Schefferville,CAN
Salluit,CAN
Amos,CAN
Joliette,CAN
St.-Jerome,CAN
St-Augustin,CAN
Rouyn-Noranda,CAN
La Sarre,CAN
New Glasgow,CAN
Liverpool,CAN
Amherst,CAN
Baddeck,CAN
Deer Lake,CAN
La Scie,CAN
Hopedale,CAN
Happy Valley - Goose Bay,CAN
Port Hope Simpson,CAN
Tofino,CAN
Steinbach,CAN
Nelson House,CAN
Shamattawa,CAN
Oxford House,CAN
Yorkton,CAN
Swift Current,CAN
Biggar,CAN
Kindersley,CAN
Meadow Lake,CAN
Hudson Bay,CAN
Lethbridge,CAN
Brooks,CAN
Lake Louise,CAN
Athabasca,CAN
Fort Chipewyan,CAN
Bella Bella,CAN
Sandspit,CAN
Campbell River,CAN
Port Hardy,CAN
Nanaimo,CAN
Quesnel,CAN
Abbotsford,CAN
Dawson Creek,CAN
Penticton,CAN
Nelson,CAN
Lillooet,CAN
Powell River,CAN
Revelstoke,CAN
Burns Lake,CAN
Dease Lake,CAN
Coral Harbour,CAN
Baker Lake,CAN
Norman Wells,CAN
Fort McPherson,CAN
Burwash Landing,CAN
Orangeville,CAN
Little Current,CAN
Chapleau,CAN
Wawa,CAN
Hearst,CAN
Marathon,CAN
Sioux Lookout,CAN
Red Lake,CAN
Deer Lake,CAN
Cat Lake,CAN
Cornwall,CAN
Kingston,CAN
Barrie,CAN
Parry Sound,CAN
Wiarton,CAN
Cobalt,CAN
Cochrane,CAN
Nipigon,CAN
Atikokan,CAN
Rimouski,CAN
Saint-Georges,CAN
Victoriaville,CAN
Chevery,CAN
Mistassini,CAN
Kangirsuk,CAN
Shawinigan,CAN
Matagami,CAN
Mont-Laurier,CAN
Pembroke,CAN
Radisson,CAN
Saint John,CAN
Edmundston,CAN
Shelburne,CAN
Antigonish,CAN
Windsor,CAN
Digby,CAN
Stephenville,CAN
Argentia,CAN
St. Anthony,CAN
Channel-Port aux Basques,CAN
Buchans,CAN
Trout River,CAN
Churchill Falls,CAN
Forteau,CAN
Trepassey,CAN
Brochet,CAN
Lynn Lake,CAN
Gillam,CAN
North Battleford,CAN
Prince Albert,CAN
Courtenay,CAN
Kelowna,CAN
Pangnirtung,CAN
Holman,CAN
Dryden,CAN
Attawapiskat,CAN
Hamilton,CAN
Windsor,CAN
Trois Rivieres,CAN
Sept-Iles,CAN
Corner Brook,CAN
Norway House,CAN
Flin Flon,CAN
Dauphin,CAN
The Pas,CAN
Uranium City,CAN
Moose Jaw,CAN
Jasper,CAN
Medicine Hat,CAN
Red Deer,CAN
Banff,CAN
Grand Prairie,CAN
Smithers,CAN
Kamloops,CAN
Williams Lake,CAN
Prince George,CAN
Fort Nelson,CAN
Pond Inlet,CAN
Cape Dorset,CAN
Kimmirut,CAN
Gjoa Haven,CAN
Grise Fiord,CAN
Alert,CAN
Ennadai,CAN
Rankin Inlet,CAN
Fort Resolution,CAN
Fort Simpson,CAN
Inuvik,CAN
Tuktoyaktuk,CAN
Watson Lake,CAN
Lansdowne House,CAN
Moosonee,CAN
Sudbury,CAN
Kenora,CAN
Gaspe,CAN
Mingan,CAN
Dolbeau,CAN
Val d'Or,CAN
Ivugivik,CAN
Inukjuak,CAN
Chicoutimi,CAN
Moncton,CAN
Fredericton,CAN
Bathurst,CAN
Yarmouth,CAN
Gander,CAN
Cartwright,CAN
Rigolet,CAN
Port Burwell,CAN
Thompson,CAN
Brandon,CAN
Fort Smith,CAN
Fort McMurray,CAN
Peace River,CAN
Fort St. John,CAN
Iqaluit,CAN
Cambridge Bay,CAN
Kugluktuk,CAN
Chesterfield Inlet,CAN
Arviat,CAN
Taloyoak,CAN
Igloolik,CAN
Dawson,CAN
Timmins,CAN
North Bay,CAN
Kuujjuarapik,CAN
Kuujjuaq,CAN
Labrador City,CAN
Winnipeg,CAN
Churchill,CAN
Regina,CAN
Saskatoon,CAN
Calgary,CAN
Prince Rupert,CAN
Victoria,CAN
Arctic Bay,CAN
Resolute,CAN
Repulse Bay,CAN
Yellowknife,CAN
Fort Good Hope,CAN
Whitehorse,CAN
Ottawa,CAN
Fort Severn,CAN
Thunder Bay,CAN
Quebec,CAN
Halifax,CAN
St. John's,CAN
Nain,CAN
Charlottetown,CAN
Edmonton,CAN
Montreal,CAN
Vancouver,CAN
Toronto,CAN
Mindelo,CPV
Praia,CPV
George Town,CYM
Mobaye,CAF
Mbaiki,CAF
Carnot,CAF
Bozoum,CAF
Kaga Bandoro,CAF
Zemio,CAF
Yakossi,CAF
Nola,CAF
Sibut,CAF
Bossangoa,CAF
Birao,CAF
Ouadda,CAF
Bangassou,CAF
Bossembele,CAF
Berberati,CAF
Bria,CAF
Bouar,CAF
Bambari,CAF
Ndele,CAF
Obo,CAF
Bangui,CAF
Lai,TCD
Zouar,TCD
Bol,TCD
Ati,TCD
Oum Hadjer,TCD
Mongo,TCD
Doba,TCD
Pala,TCD
Bongor,TCD
Kelo,TCD
Fada,TCD
Faya Largeau,TCD
Mao,TCD
Biltine,TCD
Sarh,TCD
Am Timan,TCD
Moundou,TCD
Ndjamena,TCD
Abeche,TCD
Rio Verde,CHL
Cuya,CHL
Chuquicamata,CHL
Maria Elena,CHL
Tierra Amarilla,CHL
Combarbala,CHL
San Bernardo,CHL
San Felipe,CHL
Vina del Mar,CHL
La Ligua,CHL
Quillota,CHL
Nueva Imperial,CHL
Loncoche,CHL
Villarica,CHL
Tolten,CHL
Lonquimay,CHL
Angol,CHL
Collipulli,CHL
La Union,CHL
Rio Bueno,CHL
Coronel,CHL
Talcahuano,CHL
Quirihue,CHL
Curanilahue,CHL
Santa Barbara,CHL
Pichilemu,CHL
San Fernando,CHL
Puerto Varas,CHL
Calbuco,CHL
Castro,CHL
Chonchi,CHL
Linares,CHL
Cauquenes,CHL
Cochrane,CHL
Lagunas,CHL
Pozo Almonte,CHL
Toconao,CHL
Huasco,CHL
Diego de Almagro,CHL
Caldera,CHL
Coquimbo,CHL
Vicuna,CHL
Illapel,CHL
Salamanca,CHL
Los Andes,CHL
San Antonio,CHL
Victoria,CHL
Carahue,CHL
Los Lagos,CHL
Lota,CHL
Lebu,CHL
Quellon,CHL
Constitucion,CHL
Villa O'Higgins,CHL
Puerto Aisen,CHL
Puerto Natales,CHL
Puerto Williams,CHL
Temuco,CHL
Tocopilla,CHL
Calama,CHL
Mejillones,CHL
Taltal,CHL
Vallenar,CHL
Chanaral,CHL
Ovalle,CHL
Chillan,CHL
Rancagua,CHL
Osorno,CHL
Ancud,CHL
Talca,CHL
Curico,CHL
Coihaique,CHL
Arica,CHL
Copiapo,CHL
La Serena,CHL
Punta Arenas,CHL
Iquique,CHL
Antofagasta,CHL
Valparaiso,CHL
Valdivia,CHL
Concepcion,CHL
Puerto Montt,CHL
Santiago,CHL
Yumen,CHN
Linxia,CHN
Zuozhou,CHN
Sanming,CHN
Huizhou,CHN
Chaozhou,CHN
Gyangze,CHN
Dali,CHN
Yangquan,CHN
Shiyan,CHN
Danjiangkou,CHN
Shashi,CHN
Anlu,CHN
Zixing,CHN
Deyang,CHN
Tengchong,CHN
Mengzi,CHN
Chuxiong,CHN
Hengshui,CHN
Xuanhua,CHN
Luohe,CHN
Beipiao,CHN
Wafangdian,CHN
Zhucheng,CHN
Hangu,CHN
Xinyi,CHN
Yangzhou,CHN
Linhai,CHN
Huangyan,CHN
Daan,CHN
Changling,CHN
Tonghua,CHN
Baishan,CHN
Yanji,CHN
Ergun Zuoqi,CHN
Shangdu,CHN
Orongen Zizhiqi,CHN
Zalantun,CHN
Wuchuan,CHN
Hanggin Houqi,CHN
Anda,CHN
Qinggang,CHN
Angangxi,CHN
Hulan Ergi,CHN
Qingan,CHN
Baiquan,CHN
Suileng,CHN
Linkou,CHN
Longxi,CHN
Pingliang,CHN
Anxi,CHN
Minxian,CHN
Jinchang,CHN
Guide,CHN
Qinzhou,CHN
Pingxiang,CHN
Yishan,CHN
Beihai,CHN
Hechi,CHN
Tongren,CHN
Fengjie,CHN
Changping,CHN
Shaowu,CHN
Longyan,CHN
Zhangzhou,CHN
Putian,CHN
Fuan,CHN
Changting,CHN
Nanping,CHN
Ninde,CHN
Jieshou,CHN
Tongling,CHN
Maanshan,CHN
Fuyang,CHN
Yangjiang,CHN
Meizhou,CHN
Heyuan,CHN
Qingyuan,CHN
Zhaoqing,CHN
Lianxian,CHN
Jiangmen,CHN
Maoming,CHN
Gar,CHN
Turpan,CHN
Quiemo,CHN
Koktokay,CHN
Hancheng,CHN
Weinan,CHN
Shuozhou,CHN
Xinzhou,CHN
Jincheng,CHN
Jiexiu,CHN
Changzhi,CHN
Guangshui,CHN
Jingmen,CHN
Zicheng,CHN
Shishou,CHN
Xiaogan,CHN
Puqi,CHN
Yunxian,CHN
Jinshi,CHN
Chenzhou,CHN
Zhijiang,CHN
Xiangtan,CHN
Zigong,CHN
Yaan,CHN
Langzhong,CHN
Rongzhag,CHN
Simao,CHN
Wenshan,CHN
Zhanyi,CHN
Huize,CHN
Chengde,CHN
Cangzhou,CHN
Baoding,CHN
Hunanghua,CHN
Dingzhou,CHN
Nangong,CHN
Linqing,CHN
Xiangtai,CHN
Puyang,CHN
Hebi,CHN
Xuchang,CHN
Zhoukou,CHN
Dengzhou,CHN
Tieling,CHN
Chaoyang,CHN
Huanren,CHN
Zhuanghe,CHN
Yishui,CHN
Shanxian,CHN
Pingyi,CHN
Pingdu,CHN
Laiwu,CHN
Buizhou,CHN
Liaocheng,CHN
Rizhao,CHN
Dezhou,CHN
Linchuan,CHN
Fengcheng,CHN
Jian,CHN
Shangrao,CHN
Jingdezhen,CHN
Taizhou,CHN
Shuyang,CHN
Lianyungang,CHN
Lishui,CHN
Jiaojing,CHN
Quzhou,CHN
Fuyu,CHN
Dunhua,CHN
Nongan,CHN
Taonan,CHN
Liuhe,CHN
Huinan,CHN
Panshi,CHN
Jiaohe,CHN
Linjiang,CHN
Wangqing,CHN
Helong,CHN
Shulan,CHN
Jiutai,CHN
Alxa Zuoqi,CHN
Linxi,CHN
Kailu,CHN
Bairin Zuoqi,CHN
Yitulihe,CHN
Yakeshi,CHN
Bugt,CHN
Wuyuan,CHN
Bayan Obo,CHN
Fengzhen,CHN
Suihua,CHN
Shuangyashan,CHN
Shangzhi,CHN
Fujin,CHN
Yian,CHN
Tailai,CHN
Longjiang,CHN
Gannan,CHN
Hailun,CHN
Mishan,CHN
Tieli,CHN
Shuangcheng,CHN
Zhaodong,CHN
Lanxi,CHN
Keshan,CHN
Nancha,CHN
Xinqing,CHN
Hulin,CHN
Boli,CHN
Ningan,CHN
Jyekundo,CHN
Liuzhou,CHN
Xingyi,CHN
Anshun,CHN
Zunyi,CHN
Wanxian,CHN
Huaibei,CHN
Wuhu,CHN
Luan,CHN
Bengbu,CHN
Anqing,CHN
Foshan,CHN
Nagchu,CHN
Nyingchi,CHN
Chamdo,CHN
Korla,CHN
Kuqa,CHN
Tacheng,CHN
Shihezi,CHN
Karamay,CHN
Aksu,CHN
Sanya,CHN
Haikou,CHN
Hanzhong,CHN
Baoji,CHN
Tongchuan,CHN
Linfen,CHN
Yuci,CHN
Datong,CHN
Jianmen,CHN
Yichang,CHN
Xiantao,CHN
Macheng,CHN
Huangshi,CHN
Zhuzhou,CHN
Yongzhou,CHN
Yiyang,CHN
Changde,CHN
Shaoyang,CHN
Leshan,CHN
Panzhihua,CHN
Fulin,CHN
Guangyuan,CHN
Luzhou,CHN
Yibin,CHN
Zhaotang,CHN
Lijiang,CHN
Yuxi,CHN
Dali,CHN
Qinhuangdao,CHN
Langfang,CHN
Zhangjiakou,CHN
Tangshan,CHN
Anyang,CHN
Jiaozuo,CHN
Kaifeng,CHN
Shangqiu,CHN
Pingdingshan,CHN
Xinyang,CHN
Xinxiang,CHN
Luoyang,CHN
Liaoyang,CHN
Dandong,CHN
Yingkow,CHN
Jinzhou,CHN
Fuxin,CHN
Benxi,CHN
Fushun,CHN
Jining,CHN
Weifang,CHN
Taian,CHN
Heze,CHN
Laiyang,CHN
Xinyu,CHN
Ganzhou,CHN
Jiujiang,CHN
Changzhou,CHN
Zhenjiang,CHN
Nantong,CHN
Jiaxing,CHN
Huzhou,CHN
Shaoxing,CHN
Jinhua,CHN
Liaoyuan,CHN
Tumen,CHN
Siping,CHN
Baicheng,CHN
Wuhai,CHN
Erenhot,CHN
Jining,CHN
Arxan,CHN
Manzhouli,CHN
Xilinhot,CHN
Heihe,CHN
Qitaihe,CHN
Yichun,CHN
Hegang,CHN
Nenjiang,CHN
Nehe,CHN
Mudangiang,CHN
Xuanzhou,CHN
Zhuhai,CHN
Xianyang,CHN
Xiangfan,CHN
Suining,CHN
Lingyuan,CHN
Weihai,CHN
Yichun,CHN
Yancheng,CHN
Fuyang,CHN
Xiamen,CHN
Nanchong,CHN
Neijiang,CHN
Nanyang,CHN
Jinxi,CHN
Yantai,CHN
Zaozhuang,CHN
Suzhou,CHN
Xuzhou,CHN
Wuxi,CHN
Jilin,CHN
Zhangye,CHN
Wuwei,CHN
Dunhuang,CHN
Tianshui,CHN
Dulan,CHN
Golmud,CHN
Yulin,CHN
Bose,CHN
Wuzhou,CHN
Lupanshui,CHN
Quanzhou,CHN
Hefei,CHN
Suzhou,CHN
Zhanjiang,CHN
Shaoguan,CHN
Xigaze,CHN
Shache,CHN
Yining,CHN
Altay,CHN
Shizuishan,CHN
Yulin,CHN
Ankang,CHN
Houma,CHN
Yueyang,CHN
Hengyang,CHN
Mianyang,CHN
Xichang,CHN
Baoshan,CHN
Gejiu,CHN
Shijianzhuang,CHN
Handan,CHN
Anshan,CHN
Dalian,CHN
Qingdao,CHN
Linyi,CHN
Huaiyin,CHN
Wenzhou,CHN
Ningbo,CHN
Tongliao,CHN
Hohhot,CHN
Chifeng,CHN
Ulanhot,CHN
Hailar,CHN
Jiamusi,CHN
Beian,CHN
Daqing,CHN
Jixi,CHN
Jiayuguan,CHN
Xining,CHN
Guilin,CHN
Huainan,CHN
Shantou,CHN
Lhasa,CHN
Hami,CHN
Hotan,CHN
Kashi,CHN
Yinchuan,CHN
Pingxiang,CHN
Qiqihar,CHN
Shenzhen,CHN
Zibo,CHN
Lanzhou,CHN
Nanning,CHN
Guiyang,CHN
Chongqing,CHN
Fuzhou,CHN
Guangzhou,CHN
Dongguan,CHN
Xian,CHN
Taiyuan,CHN
Wuhan,CHN
Changsha,CHN
Kunming,CHN
Zhengzhou,CHN
Shenyeng,CHN
Jinan,CHN
Tianjin,CHN
Nanchang,CHN
Nanjing,CHN
Hangzhou,CHN
Changchun,CHN
Baotou,CHN
Harbin,CHN
Urumqi,CHN
Chengdu,CHN
Beijing,CHN
Shanghai,CHN
Yopal,COL
San Andres,COL
Sonson,COL
Sogamoso,COL
Barrancabermeja,COL
Girardot,COL
Campoalegre,COL
Tuquerres,COL
Mocoa,COL
Cartago,COL
Soledad,COL
Sabanalarga,COL
Arjona,COL
Magangue,COL
Valledupar,COL
Puerto Lopez,COL
Yarumal,COL
Puerto Berrio,COL
Turbo,COL
Tunja,COL
Chiquinquira,COL
Duitama,COL
Ayapel,COL
Lorica,COL
Socorro,COL
Riohacha,COL
Armenia,COL
Pereira,COL
Honda,COL
San Vicente del Caguan,COL
Florencia,COL
Guapi,COL
Neiva,COL
Garzon,COL
Ipiales,COL
Buenaventura,COL
Tulua,COL
El Carmen de Bolivar,COL
Jurado,COL
Nuqui,COL
Quibdo,COL
El Banco,COL
Cienaga,COL
Sincelejo,COL
Tolu,COL
Arauca,COL
Tame,COL
Pamplona,COL
Ocana,COL
Orocue,COL
Obando,COL
San Martin,COL
Puerto Carreno,COL
Bello,COL
Monteria,COL
Bucaramanga,COL
Ibague,COL
Popayan,COL
Santa Marta,COL
Cucuta,COL
Villavicencio,COL
Tumaco,COL
Manizales,COL
Pasto,COL
Barranquilla,COL
Cartagena,COL
Mitu,COL
Leticia,COL
Medellin,COL
Cali,COL
Bogota,COL
Moroni,COM
Madingou,COG
Kinkala,COG
Ewo,COG
Impfondo,COG
Sembe,COG
Moloundou,COG
Owando,COG
Makoua,COG
Sibiti,COG
Mossendjo,COG
Loubomo,COG
Gamboma,COG
Djambala,COG
Ouesso,COG
Kayes,COG
Pointe-Noire,COG
Brazzaville,COG
Buluko,COD
Zongo,COD
Libenge,COD
Bongandanga,COD
Ikela,COD
Binga,COD
Basankusu,COD
Boende,COD
Gbadolite,COD
Businga,COD
Bosobolo,COD
Yangambi,COD
Aketi,COD
Mongbwalu,COD
Bafwasende,COD
Bunia,COD
Wamba,COD
Basoko,COD
Kenge,COD
Bolobo,COD
Kahemba,COD
Bulungu,COD
Lusanga,COD
Mangai,COD
Kasongo-Lunda,COD
Mushie,COD
Dibaya,COD
Mweka,COD
Luebo,COD
Demba,COD
Ilebo,COD
Moanda,COD
Kimpese,COD
Kasangulu,COD
Mbanza-Ngungu,COD
Tshela,COD
Mwenga,COD
Kampene,COD
Kalima,COD
Lubutu,COD
Kabinda,COD
Lubao,COD
Lusambo,COD
Gandajika,COD
Lodja,COD
Dilolo,COD
Nyunzu,COD
Kasaji,COD
Luanza,COD
Moba,COD
Bukama,COD
Kaniama,COD
Kipushi,COD
Kambove,COD
Kongolo,COD
Kabalo,COD
Beni,COD
Lisala,COD
Gemena,COD
Buta,COD
Watsa,COD
Isiro,COD
Bondo,COD
Inongo,COD
Tshikapa,COD
Boma,COD
Bukavu,COD
Uvira,COD
Kindu,COD
Mwene-Ditu,COD
Likasi,COD
Manono,COD
Kamina,COD
Mbandaka,COD
Kisangani,COD
Bandundu,COD
Kananga,COD
Kasongo,COD
Mbuji-Mayi,COD
Kalemie,COD
Butembo,COD
Goma,COD
Bumba,COD
Kikwit,COD
Matadi,COD
Kolwezi,COD
Lubumbashi,COD
Kinshasa,COD
Rarotonga,COK
Heredia,CRI
Cartago,CRI
Golfito,CRI
Alajuela,CRI
Canas,CRI
Sixaola,CRI
Puntarenas,CRI
Ciudad Cortes,CRI
Quesada,CRI
Liberia,CRI
La Cruz,CRI
Puerto Limon,CRI
Sibenik,HRV
Karlovac,HRV
Rijeka,HRV
Slavonski Brod,HRV
Dubrovnik,HRV
Split,HRV
Zadar,HRV
Pula,HRV
Osijek,HRV
Zagreb,HRV
Ciego de Avila,CUB
Palma Soriano,CUB
San Antonio de los Banos,CUB
Guines,CUB
Caibarien,CUB
Placetas,CUB
Cienfuegos,CUB
Nueva Gerona,CUB
Sancti Spiritus,CUB
Moron,CUB
Nuevitas,CUB
Manzanillo,CUB
Bayamo,CUB
Banes,CUB
Las Tunas,CUB
Artemisa,CUB
Matanzas,CUB
Colon,CUB
Sagua la Grande,CUB
Pinar del Rio,CUB
Camaguey,CUB
Guantanamo,CUB
Holguin,CUB
Santa Clara,CUB
Santiago de Cuba,CUB
Havana,CUB
Willemstad,CUW
Larnaka,CYP
Paphos,CYP
Lemosos,CYP
Nicosia,CYP
Usti Nad Labem,CZE
Hradec Kralove,CZE
Ceske Budejovice,CZE
Liberec,CZE
Olomouc,CZE
Pizen,CZE
Jihlava,CZE
Zlin,CZE
Brno,CZE
Pardubice,CZE
Ostrava,CZE
Prague,CZE
Vejle,DNK
Hillerod,DNK
Soro,DNK
Viborg,DNK
Roskilde,DNK
Svendborg,DNK
Odense,DNK
Esbjerg,DNK
Frederikshavn,DNK
Aalborg,DNK
Aarhus,DNK
Kobenhavn,DNK
Dikhil,DJI
Tadjoura,DJI
Ali Sabih,DJI
Obock,DJI
Djibouti,DJI
Roseau,DMA
Sabaneta,DOM
Mao,DOM
Cotui,DOM
Puerto Plata,DOM
Dajabon,DOM
Moca,DOM
Salcedo,DOM
Jimani,DOM
Elias Pina,DOM
Pedernales,DOM
Azua,DOM
Bonao,DOM
Bani,DOM
Hato Mayor,DOM
Monte Plata,DOM
Nagua,DOM
Samana,DOM
San Cristobal,DOM
El Seibo,DOM
Higuey,DOM
Neiba,DOM
La Vega,DOM
San Francisco de Macoris,DOM
San Pedro de Macoris,DOM
Monte Cristi,DOM
Barahona,DOM
Bavaro,DOM
La Romana,DOM
San Juan,DOM
Santo Domingo,DOM
Dili,TLS
Puyo,ECU
Tulcan,ECU
Pinas,ECU
Puerto Villamil,ECU
Puerto Baquerizo Moreno,ECU
Guaranda,ECU
Azogues,ECU
Salinas,ECU
Alausi,ECU
Sangolqui,ECU
Muisne,ECU
San Gabriel,ECU
Macara,ECU
Zamora,ECU
Latacunga,ECU
Milagro,ECU
Babahoyo,ECU
Chone,ECU
Jipijapa,ECU
Yaupi,ECU
Macas,ECU
Cayambe,ECU
Ambato,ECU
Tena,ECU
Valdez,ECU
San Lorenzo,ECU
Esmeraldas,ECU
Ibarra,ECU
Portoviejo,ECU
Machala,ECU
Loja,ECU
Manta,ECU
Riobamba,ECU
Cuenca,ECU
Santa Cruz,ECU
Quito,ECU
Guayaquil,ECU
Shibin el Kom,EGY
Benha,EGY
Zagazig,EGY
Kafr el Sheikh,EGY
Tanta,EGY
Ismailia,EGY
El Mansura,EGY
Dumyat,EGY
Matruh,EGY
El Alamein,EGY
El Daba,EGY
Salum,EGY
Damanhur,EGY
Samalut,EGY
Mallawi,EGY
Beni Mazar,EGY
Beni Suef,EGY
Rashid,EGY
Qasr Farafra,EGY
El Qasr,EGY
Isna,EGY
Qena,EGY
Girga,EGY
Sohag,EGY
Berenice,EGY
Bur Safaga,EGY
El Tur,EGY
El Arish,EGY
El Giza,EGY
Siwa,EGY
El Minya,EGY
Kom Ombo,EGY
El Kharga,EGY
Hurghada,EGY
Suez,EGY
Bur Said,EGY
El Faiyum,EGY
Aswan,EGY
Asyut,EGY
Luxor,EGY
Alexandria,EGY
Cairo,EGY
Ahuachapan,SLV
Cojutepeque,SLV
Nueva San Salvador,SLV
Zacatecoluca,SLV
La Union,SLV
San Francisco Gotera,SLV
San Vicente,SLV
Usulutan,SLV
Chalatenango,SLV
Sensuntepeque,SLV
Sonsonate,SLV
San Miguel,SLV
Santa Ana,SLV
San Salvador,SLV
Evinayong,GNQ
Luba,GNQ
Calatrava,GNQ
Mongomo,GNQ
Bata,GNQ
Malabo,GNQ
Tessenei,ERI
Agordat,ERI
Massawa,ERI
Keren,ERI
Adi Ugri,ERI
Assab,ERI
Asmara,ERI
Haapsalu,EST
Viljandi,EST
Kohtla-Jarve,EST
Narva,EST
Tartu,EST
Parnu,EST
Tallinn,EST
Awasa,ETH
Gore,ETH
Debre Birhan,ETH
Bati,ETH
Adigrat,ETH
Aksum,ETH
Yirga Alem,ETH
Hosaina,ETH
Dila,ETH
Giyon,ETH
Hagere Hiywet,ETH
Nekemte,ETH
Asela,ETH
Shashemene,ETH
Dembi Dolo,ETH
Gimbi,ETH
Asosa,ETH
Jijiga,ETH
Debre Markos,ETH
Dese,ETH
Sodo,ETH
Arba Minch,ETH
Harar,ETH
Goba,ETH
Jima,ETH
Nazret,ETH
Nagele,ETH
Gode,ETH
Dolo Bay,ETH
Bahir Dar,ETH
Mekele,ETH
Dire Dawa,ETH
Gonder,ETH
Addis Ababa,ETH
Fox Bay,FLK
Stanley,FLK
Klaksvik,FRO
Torshavn,FRO
Palikir,FSM
Nandi,FJI
Lautoka,FJI
Labasa,FJI
Suva,FJI
Hameenlinna,FIN
Kouvola,FIN
Mikkeli,FIN
Savonlinna,FIN
Pori,FIN
Sodankyla,FIN
Jyvaskyla,FIN
Kuopio,FIN
Lappeenranta,FIN
Porvoo,FIN
Kemijarvi,FIN
Kokkola,FIN
Lahti,FIN
Joensuu,FIN
Turku,FIN
Kemi,FIN
Oulu,FIN
Rovaniemi,FIN
Vaasa,FIN
Tampere,FIN
Helsinki,FIN
Annecy,FRA
Roanne,FRA
Roura,FRA
Sinnamary,FRA
St.-Brieuc,FRA
Poitier,FRA
Angers,FRA
Biarritz,FRA
Aix-en-Provence,FRA
Perpignan,FRA
Tarbes,FRA
Clermont-Ferrand,FRA
Melun,FRA
Arras,FRA
Besancon,FRA
Saint-Georges,FRA
Saint-Etienne,FRA
Grenoble,FRA
Fort-de-France,FRA
Saint-Laurent-du-Maroni,FRA
Iracoubo,FRA
Cherbourg,FRA
Caen,FRA
Lorient,FRA
Brest,FRA
Le Mans,FRA
Nantes,FRA
Agen,FRA
Ajaccio,FRA
Bastia,FRA
Toulon,FRA
Beziers,FRA
Montpellier,FRA
Nimes,FRA
Vichy,FRA
Nevers,FRA
Auxerre,FRA
Dijon,FRA
Bourges,FRA
Tours,FRA
Orleans,FRA
Dieppe,FRA
Rouen,FRA
Versailles,FRA
Brive,FRA
Troyes,FRA
Reims,FRA
Calais,FRA
Amiens,FRA
Mulhouse,FRA
Nancy,FRA
Metz,FRA
Pointe-a-Pitre,FRA
Basse-terre,FRA
St.-Benoit,FRA
Dzaoudzi,FRA
Rennes,FRA
Nice,FRA
Toulouse,FRA
Limoges,FRA
Lille,FRA
Strasbourg,FRA
Kourou,FRA
La Rochelle,FRA
Bordeaux,FRA
Marseille,FRA
Le Havre,FRA
St.-Denis,FRA
Lyon,FRA
Cayenne,FRA
Paris,FRA
Papeete,PYF
Ebebiyin,GAB
Tchibanga,GAB
Mekambo,GAB
Makokou,GAB
Mitzik,GAB
Bitam,GAB
Lambarene,GAB
Bifoum,GAB
Ndende,GAB
Mouila,GAB
Omboue,GAB
Moanda,GAB
Okandja,GAB
Koulamoutou,GAB
Oyem,GAB
Mayumba,GAB
Gamba,GAB
Franceville,GAB
Libreville,GAB
Port-Gentil,GAB
Kutaisi,GEO
Tskhinvali,GEO
Poti,GEO
Rustavi,GEO
Batumi,GEO
Sukhumi,GEO
Tbilisi,GEO
Mainz,DEU
Schwerin,DEU
Bielefeld,DEU
Dortmund,DEU
Duisburg,DEU
Wuppertal,DEU
Essen,DEU
Karlsruhe,DEU
Heidelberg,DEU
Kassel,DEU
Oldenburg,DEU
Emden,DEU
Braunschweig,DEU
Erfurt,DEU
Coburg,DEU
Augsburg,DEU
Furth,DEU
Chemnitz,DEU
Bonn,DEU
Munster,DEU
Dusseldorf,DEU
Ulm,DEU
Mannheim,DEU
Freiburg,DEU
Giessen,DEU
Wiesbaden,DEU
Bremerhaven,DEU
Osnabruck,DEU
Hannover,DEU
Gottingen,DEU
Gera,DEU
Jena,DEU
Flensburg,DEU
Lubeck,DEU
Kiel,DEU
Koblenz,DEU
Saarbrucken,DEU
Regensburg,DEU
Rosenheim,DEU
Hof,DEU
Wurzburg,DEU
Ingolstadt,DEU
Cottbus,DEU
Potsdam,DEU
Magdeburg,DEU
Leipzig,DEU
Stralsund,DEU
Rostock,DEU
Stuttgart,DEU
Bremen,DEU
Nurnberg,DEU
Cologne,DEU
Dresden,DEU
Frankfurt,DEU
Hamburg,DEU
Munich,DEU
Berlin,DEU
Sunyani,GHA
Tamale,GHA
Yendi,GHA
Bolgatanga,GHA
Bawku,GHA
Wa,GHA
Obuasi,GHA
Berekum,GHA
Winneba,GHA
Cape Coast,GHA
Nkawkaw,GHA
Koforidua,GHA
Tema,GHA
Ho,GHA
Kumasi,GHA
Sekondi,GHA
Accra,GHA
Gibraltar,GIB
Lamia,GRC
Polygyros,GRC
Komatini,GRC
Piraievs,GRC
Volos,GRC
Hania,GRC
Kavala,GRC
Alexandroupoli,GRC
Kerkira,GRC
Tripoli,GRC
Sparti,GRC
Agrinio,GRC
Pirgos,GRC
Larissa,GRC
Ioanina,GRC
Mitilini,GRC
Hios,GRC
Chalkida,GRC
Sitia,GRC
Katerini,GRC
Seres,GRC
Xanthi,GRC
Ermoupoli,GRC
Kos,GRC
Rodos,GRC
Patra,GRC
Kalamata,GRC
Iraklio,GRC
Thessaloniki,GRC
Athens,GRC
Qasigiannguit,GRL
Kullorsuaq,GRL
Tasiusaq,GRL
Kulusuk,GRL
Paamiut,GRL
Ittoqqortoormiit,GRL
Timmiarmiut,GRL
Qaqortoq,GRL
Kangerlussuaq,GRL
Nord,GRL
Qeqertasuaq,GRL
Nuussuaq,GRL
Ilulissat,GRL
Tasiilaq,GRL
Savissivik,GRL
Kangersuatsiaq,GRL
Uummannaq,GRL
Narsarsuaq,GRL
Sisimiut,GRL
Upernavik,GRL
Qaanaaq,GRL
Nuuk,GRL
Saint George's,GRD
Agana,GUM
Salama,GTM
Retalhuleu,GTM
San Marcos,GTM
Chimaltenango,GTM
Antigua Guatemala,GTM
Solola,GTM
Totonicapan,GTM
El Progreso,GTM
Cuilapa,GTM
Chiquimula,GTM
Jalapa,GTM
Zacapa,GTM
Santa Cruz Del Quiche,GTM
San Luis,GTM
Coban,GTM
Livingston,GTM
Jutiapa,GTM
Huehuetenango,GTM
Flores,GTM
La Libertad,GTM
Escuintla,GTM
Mazatenango,GTM
Puerto Barrios,GTM
Quetzaltenango,GTM
Guatemala,GTM
Mali,GIN
Tongue,GIN
Kouroussa,GIN
Pita,GIN
Dalaba,GIN
Boffa,GIN
Koundara,GIN
Gaoual,GIN
Telimele,GIN
Forecariah,GIN
Beyla,GIN
Gueckedou,GIN
Dinguiraye,GIN
Dabola,GIN
Kerouane,GIN
Siguiri,GIN
Mamou,GIN
Kamsar,GIN
Fria,GIN
Macenta,GIN
Yomou,GIN
Faranah,GIN
Kissidougou,GIN
Labe,GIN
Boke,GIN
Kindia,GIN
Kankan,GIN
Nzerekore,GIN
Conakry,GIN
Cacheu,GNB
Farim,GNB
Fulacunda,GNB
Gabu,GNB
Catio,GNB
Bolama,GNB
Bafata,GNB
Bissau,GNB
Corriverton,GUY
Ituni,GUY
Lethem,GUY
Kumaka,GUY
Bartica,GUY
Anna Regina,GUY
Linden,GUY
Mabaruma,GUY
New Amsterdam,GUY
Georgetown,GUY
Jeremie,HTI
Port-De-Paix,HTI
Hinche,HTI
Fort-Liberte,HTI
Jacmel,HTI
Les Cayes,HTI
Gonaives,HTI
Cap-Haitien,HTI
Port-au-Prince,HTI
Yoro,HND
La Esperanza,HND
La Paz,HND
Santa Barbara,HND
Gracias,HND
Nueva Ocotepeque,HND
Yuscaran,HND
Roatan,HND
Nacaome,HND
Santa Rosa de Copan,HND
Trujillo,HND
Brus Laguna,HND
Puerto Lempira,HND
Juticalpa,HND
Comayagua,HND
Choluteca,HND
La Ceiba,HND
San Pedro Sula,HND
Tegucigalpa,HND
Hong Kong,HKG
Veszprem,HUN
Zalaegerszeg,HUN
Tatabanya,HUN
Szekszard,HUN
Salgotarjan,HUN
Bekescsaba,HUN
Eger,HUN
Szombathely,HUN
Kecskemet,HUN
Szekesfehervar,HUN
Nyiregyhaza,HUN
Pecs,HUN
Gyor,HUN
Kaposvar,HUN
Vac,HUN
Miskolc,HUN
Szeged,HUN
Debrecen,HUN
Szolnok,HUN
Budapest,HUN
Borgarnes,ISL
Egilsstadir,ISL
Saudarkrokur,ISL
Selfoss,ISL
Hofn,ISL
Isafjordur,ISL
Akureyi,ISL
Keflavik,ISL
Reykjavik,ISL
Panaji,IND
Simla,IND
Gurgaon,IND
Sonipat,IND
Rohtak,IND
Hisar,IND
Bhiwani,IND
Ambala,IND
Sopur,IND
Silvassa,IND
Kalyan,IND
Bhusawal,IND
Jorhat,IND
Hoshiarpur,IND
Ajmer,IND
Hathras,IND
Sitapur,IND
Pilibhit,IND
Budaun,IND
Firozabad,IND
Mathura,IND
Bulandshahr,IND
Hapur,IND
Muzaffarnagar,IND
Gangtok,IND
Diu,IND
Pathankot,IND
Sirsa,IND
Panipat,IND
Karnal,IND
Baramula,IND
Proddatur,IND
Nandyal,IND
Hindupur,IND
Tirupati,IND
Ongole,IND
Vizianagaram,IND
Rajahmundry,IND
Machilipatnam,IND
Khammam,IND
Chirala,IND
Karimnagar,IND
Nizamabad,IND
Kollam,IND
Alappuzha,IND
Puri,IND
Sambalpur,IND
Raurkela,IND
Kavaratti,IND
Mandya,IND
Kolar,IND
Shimoga,IND
Raichur,IND
Hospet,IND
Bidar,IND
Sangli,IND
Parbhani,IND
Malegaon,IND
Port Blair,IND
Tezpur,IND
Silchar,IND
Kohima,IND
Shillong,IND
Abohar,IND
Patiala,IND
Bhilwara,IND
Pali,IND
Tonk,IND
Sikar,IND
Bikaner,IND
Bharatpur,IND
Alwar,IND
Fatehpur,IND
Faizabad,IND
Bahraich,IND
Mirzapur,IND
Jhansi,IND
Shahjahanpur,IND
Rampur,IND
Bareilly,IND
Etawah,IND
Dehra Dun,IND
Haora,IND
Alipur Duar,IND
Haldia,IND
Bhatpara,IND
Medinipur,IND
Siliguri,IND
Purnia,IND
Muzaffarpur,IND
Aurangabad,IND
Bilaspur,IND
Burhanpur,IND
Ujjain,IND
Ratlam,IND
Sagar,IND
Vellore,IND
Tiruvannamalai,IND
Rajapalaiyam,IND
Cuddalore,IND
Karur,IND
Kanchipuram,IND
Tirunelveli,IND
Nagercoil,IND
Thanjavur,IND
Kumbakonam,IND
Valparai,IND
Tiruppur,IND
Daman,IND
Navsari,IND
Bhuj,IND
Bhavnagar,IND
Gandhinagar,IND
Itanagar,IND
Aizawl,IND
Agartala,IND
Kakinada,IND
Warangal,IND
Brahmapur,IND
Bijapur,IND
Bhiwandi,IND
Latur,IND
Ahmednagar,IND
Chandrapur,IND
Amravati,IND
Dhule,IND
Dibrugarh,IND
Imphal,IND
Udaipur,IND
Gorakhpur,IND
Barddhaman,IND
Krishnanagar,IND
Gaya,IND
Porbandar,IND
Nellore,IND
Kurnool,IND
Guntur,IND
Tumkur,IND
Davangere,IND
Bellary,IND
Belgaum,IND
Tuticorin,IND
Dindigul,IND
Chandigarh,IND
Jammu,IND
Sholapur,IND
Aurangabad,IND
Nasik,IND
Dispur,IND
Jullundur,IND
Allahabad,IND
Moradabad,IND
Ghaziabad,IND
Agra,IND
Aligarh,IND
Meerut,IND
Dhanbad,IND
Gwalior,IND
Vadodara,IND
Rajkot,IND
Faridabad,IND
Srinagar,IND
Vijayawada,IND
Thiruvananthapuram,IND
Kochi,IND
Cuttack,IND
Hubli,IND
Mangalore,IND
Mysore,IND
Gulbarga,IND
Kolhapur,IND
Nanded,IND
Akola,IND
Guwahati,IND
Ludhiana,IND
Kota,IND
Jodhpur,IND
Lucknow,IND
Saharanpur,IND
Ranchi,IND
Bhagalpur,IND
Raipur,IND
Jabalpur,IND
Indore,IND
Pondicherry,IND
Salem,IND
Tiruchirappalli,IND
Kozhikode,IND
Bhubaneshwar,IND
Jamshedpur,IND
Vishakhapatnam,IND
Amritsar,IND
Varanasi,IND
Asansol,IND
Bhilai,IND
Bhopal,IND
Madurai,IND
Coimbatore,IND
Delhi,IND
Hyderabad,IND
Pune,IND
Nagpur,IND
Jaipur,IND
Kanpur,IND
Patna,IND
Chennai,IND
Ahmedabad,IND
Surat,IND
New Delhi,IND
Bangalore,IND
Mumbai,IND
Kolkata,IND
Binjai,IDN
Padangsidempuan,IDN
Tarutung,IDN
Tebingtinggi,IDN
Tidore,IDN
Bukittinggi,IDN
Sawahlunto,IDN
Padangpanjang,IDN
Amahai,IDN
Mataram,IDN
Praya,IDN
Baubau,IDN
Luwuk,IDN
Poso,IDN
Biak,IDN
Timika,IDN
Langsa,IDN
Indramayu,IDN
Sukabumi,IDN
Cilacap,IDN
Pati,IDN
Pakalongan,IDN
Tegal,IDN
Salatiga,IDN
Magelang,IDN
Serang,IDN
Bekasi,IDN
Singkawang,IDN
Tanjungkarang-Telubketung,IDN
Perabumulih,IDN
Kuta,IDN
Singaraja,IDN
Sumenep,IDN
Banyuwangi,IDN
Tuban,IDN
Probolinggo,IDN
Pasuruan,IDN
Mojokerto,IDN
Madiun,IDN
Kediri,IDN
Blitar,IDN
Waingapu,IDN
Maumere,IDN
Ende,IDN
Makale,IDN
Palopo,IDN
Watampone,IDN
Pinrang,IDN
Majene,IDN
Tanjungpinang,IDN
Telukbutun,IDN
Sungaipenuh,IDN
Sampit,IDN
Kualakapuas,IDN
Palangkaraya,IDN
Bontang,IDN
Denpasar,IDN
Sorong,IDN
Sibolga,IDN
Pematangsiantar,IDN
Pekanbaru,IDN
Manado,IDN
Yogyakarta,IDN
Kendari,IDN
Palu,IDN
Nabire,IDN
Merauke,IDN
Lhokseumawe,IDN
Samarinda,IDN
Cirebon,IDN
Tasikmalaya,IDN
Bogor,IDN
Bengkulu,IDN
Pontianak,IDN
Kotabumi,IDN
Lahat,IDN
Pangkalpinang,IDN
Jember,IDN
Martapura,IDN
Ruteng,IDN
Jambi,IDN
Manokwari,IDN
Ternate,IDN
Ambon,IDN
Raba,IDN
Jayapura,IDN
Banda Aceh,IDN
Balikpapan,IDN
Surakarta,IDN
Bandar Lampung,IDN
Tanjungpandan,IDN
Malang,IDN
Kupang,IDN
Parepare,IDN
Gorontalo,IDN
Padang,IDN
Tarakan,IDN
Semarang,IDN
Palembang,IDN
Bandjarmasin,IDN
Ujungpandang,IDN
Medan,IDN
Bandung,IDN
Surabaya,IDN
Jakarta,IDN
Yasuj,IRN
Shar e Kord,IRN
Marv Dasht,IRN
Shahrud,IRN
Varamin,IRN
Masjed Soleyman,IRN
Borujerd,IRN
Malayer,IRN
Zanjan,IRN
Orumiyeh,IRN
Ahar,IRN
Sanandaj,IRN
Neyshabur,IRN
Bojnurd,IRN
Sirjan,IRN
Qomsheh,IRN
Kashan,IRN
Khomeini Shahr,IRN
Fasa,IRN
Gonbad-e Kavus,IRN
Gorgan,IRN
Amol,IRN
Sari,IRN
Semnan,IRN
Karaj,IRN
Behbehan,IRN
Dezful,IRN
Khorramabad,IRN
Ilam,IRN
Saveh,IRN
Arak,IRN
Mahabad,IRN
Khvoy,IRN
Maragheh,IRN
Qasr-e Shirin,IRN
Bijar,IRN
Yazdan,IRN
Torbat-e Jam,IRN
Quchan,IRN
Chabahar,IRN
Kashmar,IRN
Bam,IRN
Kerman,IRN
Bandar-e Bushehr,IRN
Abadan,IRN
Ardabil,IRN
Qom,IRN
Qazvin,IRN
Kermanshah,IRN
Rasht,IRN
Birjand,IRN
Sabzewar,IRN
Zabol,IRN
Zahedan,IRN
Yazd,IRN
Ahvaz,IRN
Bandar-e-Abbas,IRN
Hamadan,IRN
Tabriz,IRN
Isfahan,IRN
Shiraz,IRN
Mashhad,IRN
Tehran,IRN
Dahuk,IRQ
Samarra,IRQ
Az Aubayr,IRQ
Ad Diwaniyah,IRQ
Ash Shatrah,IRQ
Mandali,IRQ
Ar Ramadi,IRQ
Al Musayyib,IRQ
Zakho,IRQ
Tall Afar,IRQ
Tikrit,IRQ
Karbala,IRQ
As Samawah,IRQ
An Nasiriyah,IRQ
Al Amarah,IRQ
Al Kut,IRQ
As Sulaymaniyah,IRQ
Baqubah,IRQ
Ar Rutbah,IRQ
Al Fallujah,IRQ
Al Hillah,IRQ
Irbil,IRQ
Kirkuk,IRQ
Mosul,IRQ
An Najaf,IRQ
Basra,IRQ
Baghdad,IRQ
Ros Comain,IRL
Muineachan,IRL
Shannon,IRL
Waterford,IRL
Tralee,IRL
Donegal,IRL
Drogheda,IRL
Dundalk,IRL
Galway,IRL
Kilkenny,IRL
Killarney,IRL
Sligo,IRL
Cork,IRL
Limerick,IRL
Dublin,IRL
Douglas,IMN
Ramla,ISR
Beer Sheva,ISR
Haifa,ISR
Nazareth,ISR
Jerusalem,ISR
Tel Aviv-Yafo,ISR
Potenza,ITA
Campobasso,ITA
Aosta,ITA
Modena,ITA
Crotone,ITA
Vibo Valentia,ITA
Reggio di Calabria,ITA
Caserta,ITA
Barletta,ITA
Ragusa,ITA
Asti,ITA
Novara,ITA
Como,ITA
Udine,ITA
Treviso,ITA
Parma,ITA
Ravenna,ITA
Ferrara,ITA
Bologna,ITA
Olbia,ITA
Cagliari,ITA
Pisa,ITA
Livorno,ITA
Siena,ITA
Arezzo,ITA
Catanzaro,ITA
Salerno,ITA
Benevento,ITA
Bari,ITA
Foggia,ITA
Lecce,ITA
Brindisi,ITA
Taranto,ITA
Messina,ITA
Marsala,ITA
Siracusa,ITA
Pescara,ITA
L'Aquila,ITA
Civitavecchia,ITA
Ancona,ITA
Perugia,ITA
Bergamo,ITA
Trieste,ITA
Bolzano,ITA
Trento,ITA
Verona,ITA
Sassari,ITA
Turin,ITA
Genoa,ITA
Florence,ITA
Catania,ITA
Venice,ITA
Palermo,ITA
Naples,ITA
Milan,ITA
Rome,ITA
Touba,CIV
Bouafle,CIV
Divo,CIV
Toumodi,CIV
Aboisso,CIV
Ferkessedougou,CIV
Odienne,CIV
Man,CIV
Seguela,CIV
Gagnoa,CIV
Soubre,CIV
San-Pedro,CIV
Sassandra,CIV
Bondoukou,CIV
Agboville,CIV
Dimbokro,CIV
Grand Bassam,CIV
Dabou,CIV
Guiglo,CIV
Abengourou,CIV
Korhogo,CIV
Daloa,CIV
Bouake,CIV
Yamoussoukro,CIV
Abidjan,CIV
Lucea,JAM
Mandeville,JAM
Black River,JAM
Falmouth,JAM
Savanna La Mar,JAM
Port Antonio,JAM
St. Anns Bay,JAM
Port Maria,JAM
Halfway Tree,JAM
Port Morant,JAM
May Pen,JAM
Spanish Town,JAM
Montego Bay,JAM
Kingston,JAM
Okayama,JPN
Shimonoseki,JPN
Kanoya,JPN
Takamatsu,JPN
Tokushima,JPN
Toyama,JPN
Takaoka,JPN
Otsu,JPN
Maebashi,JPN
Kawasaki,JPN
Kawagoe,JPN
Utsunomiya,JPN
Hachioji,JPN
Koriyama,JPN
Kure,JPN
Matsue,JPN
Tottori,JPN
Sasebo,JPN
Kitakyushu,JPN
Kumamoto,JPN
Oita,JPN
Gifu,JPN
Tsu,JPN
Matsumoto,JPN
Shizuoka,JPN
Hamamatsu,JPN
Obihiro,JPN
Tomakomai,JPN
Kitami,JPN
Otaru,JPN
Fukui,JPN
Maizuru,JPN
Wakayama,JPN
Mito,JPN
Kofu,JPN
Iwaki,JPN
Nagaoka,JPN
Yamagata,JPN
Tsuruoka,JPN
Kagoshima,JPN
Matsuyama,JPN
Kanazawa,JPN
Muroran,JPN
Asahikawa,JPN
Kobe,JPN
Yokohama,JPN
Akita,JPN
Aomori,JPN
Hirosaki,JPN
Hachinohe,JPN
Fukushima,JPN
Morioka,JPN
Niigata,JPN
Fukuoka,JPN
Miyazaki,JPN
Naha,JPN
Kochi,JPN
Nagoya,JPN
Nagano,JPN
Kushiro,JPN
Hakodate,JPN
Kyoto,JPN
Sendai,JPN
Sakata,JPN
Nagasaki,JPN
Hiroshima,JPN
Sapporo,JPN
Osaka,JPN
Tokyo,JPN
Al Mafraq,JOR
At Tafilah,JOR
Ma'an,JOR
Irbid,JOR
As Salt,JOR
Az Zarqa,JOR
Al Aqabah,JOR
Al Karak,JOR
Amman,JOR
Turgay,KAZ
Mangyshlak,KAZ
Maqat,KAZ
Bestobe,KAZ
Osakarovka,KAZ
Aqadyr,KAZ
Sharbaqty,KAZ
Shemonaikha,KAZ
Serebryansk,KAZ
Boralday,KAZ
Zharkent,KAZ
Esik,KAZ
Lenger,KAZ
Kentau,KAZ
Zhosaly,KAZ
Oktyabrsk,KAZ
Algha,KAZ
Bayghanin,KAZ
Embi,KAZ
Zhetiqara,KAZ
Komsomolets,KAZ
Tobol,KAZ
Qusmuryn,KAZ
Shieli,KAZ
Makhambet,KAZ
Chapaev,KAZ
Zhanibek,KAZ
Aqsay,KAZ
Esil,KAZ
Derzhavinsk,KAZ
Zhaltyr,KAZ
Makinsk,KAZ
Aqsu,KAZ
Zholymbet,KAZ
Erymentau,KAZ
Saryshaghan,KAZ
Qarazhal,KAZ
Atasu,KAZ
Kishkenekol,KAZ
Tayynsha,KAZ
Bulaevo,KAZ
Ertis,KAZ
Kachiry,KAZ
Zaysan,KAZ
Zyryanovsk,KAZ
Ridder,KAZ
Shar,KAZ
Urzhar,KAZ
Sarqan,KAZ
Ushtobe,KAZ
Shonzhy,KAZ
Qapshaghay,KAZ
Otar,KAZ
Fort Shevchenko,KAZ
Zhangaozen,KAZ
Arys,KAZ
Burylbaytal,KAZ
Shu,KAZ
Qulan,KAZ
Oytal,KAZ
Qaratau,KAZ
Khromtau,KAZ
Arqalyq,KAZ
Oostanay,KAZ
Baykonur,KAZ
Balyqshy,KAZ
Atbasar,KAZ
Kokshetau,KAZ
Temirtau,KAZ
Zhezqazghan,KAZ
Qarqaraly,KAZ
Balqash,KAZ
Petropavlovsk,KAZ
Ayakoz,KAZ
Taldyqorghan,KAZ
Turkistan,KAZ
Shalqar,KAZ
Qazaly,KAZ
Aral,KAZ
Qulsary,KAZ
Oral,KAZ
Beyneu,KAZ
Aqtau,KAZ
Aqtobe,KAZ
Rudny,KAZ
Qyzylorda,KAZ
Atyrau,KAZ
Ekibastuz,KAZ
Pavlodar,KAZ
Semey,KAZ
Oskemen,KAZ
Shymkent,KAZ
Taraz,KAZ
Astana,KAZ
Qaraghandy,KAZ
Almaty,KAZ
Nyeri,KEN
Mwingi,KEN
Embu,KEN
Machakos,KEN
Nanyuki,KEN
Maralal,KEN
Konza,KEN
Lodwar,KEN
Eldama Ravine,KEN
Sotik,KEN
Namanga,KEN
Naivasha,KEN
Kericho,KEN
Kitale,KEN
Bungoma,KEN
Kakamega,KEN
Wajir,KEN
Garissa,KEN
Witu,KEN
Tsavo,KEN
Voi,KEN
Kilifi,KEN
Thika,KEN
Kendu Bay,KEN
Karungu,KEN
Kisii,KEN
Marsabit,KEN
Moyale,KEN
Nakuru,KEN
Lamu,KEN
Malindi,KEN
Kisumu,KEN
Meru,KEN
Eldoret,KEN
Mombasa,KEN
Nairobi,KEN
Tarawa,KIR
Prizren,KOS
Pec,KOS
Pristina,KOS
Hawalli,KWT
Al Ahmadi,KWT
Al Jahra,KWT
Kuwait,KWT
Tokmak,KGZ
Kara Balta,KGZ
Cholpon Ata,KGZ
Naryn,KGZ
Kok Yangak,KGZ
Balykchy,KGZ
At Bashy,KGZ
Jalal Abad,KGZ
Toktogul,KGZ
Tash Komur,KGZ
Talas,KGZ
Osh,KGZ
Karakol,KGZ
Bishkek,KGZ
Ban Houayxay,LAO
Louang Namtha,LAO
Champasak,LAO
Saravan,LAO
Xam Nua,LAO
Phongsali,LAO
Attapu,LAO
Xaignabouri,LAO
Pakxe,LAO
Xiangkhoang,LAO
Louangphrabang,LAO
Thakhek,LAO
Savannakhet,LAO
Vientiane,LAO
Rezekne,LVA
Ventspils,LVA
Jelgava,LVA
Liepaga,LVA
Daugavpils,LVA
Riga,LVA
B'abda,LBN
Nabatiye et Tahta,LBN
Saida,LBN
Zahle,LBN
Trablous,LBN
Beirut,LBN
Teyateyaneng,LSO
Mohales Hoek,LSO
Moyeni,LSO
Hlotse,LSO
Butha-Buthe,LSO
Mokhotlong,LSO
Mafetang,LSO
Maseru,LSO
Barclayville,LBR
Voinjama,LBR
Bentol,LBR
Kakata,LBR
Sanniquellie,LBR
Rivercess,LBR
Harper,LBR
Gbarnga,LBR
Zwedru,LBR
Greenville,LBR
Buchanan,LBR
Robertsport,LBR
Monrovia,LBR
Dirj,LBY
Nalut,LBY
Zillah,LBY
Al Khums,LBY
Tajarhi,LBY
Umm al Abid,LBY
Az Zawiyah,LBY
Gharyan,LBY
Mizdah,LBY
Bani Walid,LBY
Al Marj,LBY
Al Bayda,LBY
Shahhat,LBY
El Agheila,LBY
Maradah,LBY
Qaminis,LBY
As Sidr,LBY
Al Jaghbub,LBY
Ghadamis,LBY
Hun,LBY
Birak,LBY
Ghat,LBY
Marzuq,LBY
Ajdabiya,LBY
Awjilah,LBY
Surt,LBY
Darnah,LBY
Tubruq,LBY
Al Jawf,LBY
Tmassah,LBY
Misratah,LBY
Zuwarah,LBY
Sabha,LBY
Banghazi,LBY
Tripoli,LBY
Vaduz,LIE
Panevezys,LTU
Siauliai,LTU
Klaipeda,LTU
Kaunas,LTU
Vilnius,LTU
Diekirch,LUX
Grevenmacher,LUX
Luxembourg,LUX
Macau,MAC
Tetovo,MKD
Bitola,MKD
Skopje,MKD
Sambava,MDG
Ambanja,MDG
Ihosy,MDG
Mandritsara,MDG
Besalampy,MDG
Marovoay,MDG
Antsohihy,MDG
Ambatondrazaka,MDG
Bekiy,MDG
Manja,MDG
Miandrivazo,MDG
Antsirabe,MDG
Antalaha,MDG
Andoany,MDG
Farafangana,MDG
Mananjary,MDG
Maintirano,MDG
Toamasina,MDG
Maroantsetra,MDG
Tolanaro,MDG
Morombe,MDG
Androka,MDG
Morondava,MDG
Antsiranana,MDG
Fianarantsoa,MDG
Mahajanga,MDG
Toliara,MDG
Antananarivo,MDG
Mzimba,MWI
Machinga,MWI
Dedza,MWI
Mchinji,MWI
Ntcheu,MWI
Chiradzulu,MWI
Nsanje,MWI
Mwanza,MWI
Mulanje,MWI
Karonga,MWI
Chitipa,MWI
Nkhata Bay,MWI
Nkhotakota,MWI
Mangochi,MWI
Salima,MWI
Chiromo,MWI
Zomba,MWI
Mzuzu,MWI
Blantyre,MWI
Lilongwe,MWI
Kangar,MYS
Kuala Lipis,MYS
Shah Alam,MYS
Teluk Intan,MYS
Butterworth,MYS
Sungai Petani,MYS
Alor Setar,MYS
Muar,MYS
Batu Pahat,MYS
Keluang,MYS
Seremban,MYS
Raub,MYS
Chukai,MYS
Kuala Terengganu,MYS
Lahad Datu,MYS
Bintulu,MYS
Miri,MYS
Johor Bahru,MYS
Kelang,MYS
Taiping,MYS
Ipoh,MYS
Kota Baharu,MYS
Malacca,MYS
Kuantan,MYS
Tawau,MYS
Sandakan,MYS
Kota Kinabalu,MYS
Sibu,MYS
George Town,MYS
Kuching,MYS
Putrajaya,MYS
Kuala Lumpur,MYS
Male,MDV
Goundam,MLI
Aguelhok,MLI
Bourem,MLI
Kati,MLI
Banamba,MLI
Kangaba,MLI
Nioro du Sahel,MLI
Bafoulabe,MLI
Satadougou,MLI
Yelimane,MLI
Kita,MLI
Koutiala,MLI
Sikasso,MLI
Bougouni,MLI
Markala,MLI
Sokolo,MLI
San,MLI
Taoudenni,MLI
Araouane,MLI
Tessalit,MLI
Menaka,MLI
Nara,MLI
Koulikoro,MLI
Mopti,MLI
Gao,MLI
Kayes,MLI
Segou,MLI
Timbuktu,MLI
Bamako,MLI
Djenne,MLI
Valletta,MLT
Majuro,MHL
Fderik,MRT
Aleg,MRT
Akjoujt,MRT
Zouirat,MRT
Chegga,MRT
Magta Lajar,MRT
Bogue,MRT
Boutilimit,MRT
Selibaby,MRT
Timbedra,MRT
Nema,MRT
Saint-Louis,MRT
Tidjikdja,MRT
Bir Mogrein,MRT
Rosso,MRT
Kiffa,MRT
Nouadhibou,MRT
Ayoun el Atrous,MRT
Nouakchott,MRT
Atar,MRT
Curepipe,MUS
Port Louis,MUS
Vicente Guerrero,MEX
Loreto,MEX
Ciudad Constitucion,MEX
Allende,MEX
Nueva Rosita,MEX
Hidalgo del Parral,MEX
Ascension,MEX
Gomez Palacio,MEX
Canatlan,MEX
Villa Union,MEX
Altata,MEX
Esperanza,MEX
Magdalena,MEX
Nacozari Viejo,MEX
Villanueva,MEX
Montemorelos,MEX
Sabinas Hidalgo,MEX
Cardenas,MEX
Ciudad Valles,MEX
Rio Verde,MEX
Ciudad Mante,MEX
Reynosa,MEX
Ciudad Madero,MEX
Autlan,MEX
Ciudad Hidalgo,MEX
Apatzingan,MEX
Santiago Ixcuintla,MEX
Juchitan,MEX
Miahuatlan,MEX
Atlixco,MEX
Acatlan,MEX
Paraiso,MEX
Balancan,MEX
Tlaxcala,MEX
Irapuato,MEX
Celaya,MEX
Chilpancingo,MEX
Iguala,MEX
Tecpan,MEX
Atoyac,MEX
Nezahualcoyotl,MEX
San Juan del Rio,MEX
Jaltipan,MEX
Orizaba,MEX
Xalapa,MEX
Nautla,MEX
San Cristobal de Las Casas,MEX
Escuintla,MEX
Motul,MEX
Tekax,MEX
Peto,MEX
Halacho,MEX
San Quintin,MEX
Punta Prieta,MEX
San Felipe,MEX
Santa Rosalia,MEX
Guerrero Negro,MEX
Piedras Negras,MEX
San Pedro de las Colonias,MEX
Sierra Mojada,MEX
Parras,MEX
Cuauhtemoc,MEX
Nuevo Casas Grandes,MEX
Ojinaga,MEX
Villa Ahumada,MEX
Santa Barbara,MEX
Ciudad Camargo,MEX
Cuencame,MEX
Papasquiaro,MEX
Escuinapa,MEX
Guamuchil,MEX
Guasave,MEX
El Fuerte,MEX
Eldorado,MEX
La Cruz,MEX
Agua Prieta,MEX
Ciudad Obregon,MEX
Navajoa,MEX
Caborca,MEX
Mazatlan,MEX
Cananea,MEX
Huatabampo,MEX
Zacatecas,MEX
Juan Aldama,MEX
Valparaiso,MEX
Fresnillo,MEX
Linares,MEX
Matehuala,MEX
Tamuin,MEX
Tamazunchale,MEX
Tula,MEX
Aldama,MEX
San Fernando,MEX
Tecoman,MEX
Puerto Vallarta,MEX
La Barca,MEX
Ciudad Guzman,MEX
Lagos de Moreno,MEX
Morelia,MEX
Lazaro Cardenas,MEX
Zamora,MEX
Coalcoman,MEX
Uruapan,MEX
Tuxpan,MEX
Tepic,MEX
Compostela,MEX
Tecuala,MEX
Ciudad del Carmen,MEX
Champoton,MEX
Salina Cruz,MEX
Puerto Escondido,MEX
Pochutla,MEX
Mitla,MEX
Tlaxiaco,MEX
Huajuapan de Leon,MEX
Tehuacan,MEX
Teziutlan,MEX
Frontera,MEX
Tenosique,MEX
Salamanca,MEX
Guanajuato,MEX
Taxco,MEX
Ayutla,MEX
Ciudad Altamirano,MEX
Petatlan,MEX
Pachuca,MEX
Toluca,MEX
Zumpango,MEX
Minatitlan,MEX
Coatzacoalcos,MEX
Poza Rica de Hidalgo,MEX
Cordoba,MEX
Santiago Tuxtla,MEX
Tuxpam,MEX
Panuco,MEX
Pijijiapan,MEX
Isla Mujeres,MEX
Felipe Carrillo Puerto,MEX
Tizimin,MEX
Valladolid,MEX
Izamal,MEX
Ticul,MEX
Ensenada,MEX
Saltillo,MEX
Ciudad Juarez,MEX
Delicias,MEX
Durango,MEX
Los Mochis,MEX
Ciudad Victoria,MEX
Aguascalientes,MEX
Manzanillo,MEX
Tehuantepec,MEX
Villahermosa,MEX
Cuernavaca,MEX
Queretaro,MEX
Tapachula,MEX
Chetumal,MEX
Progreso,MEX
Cabo San Lucas,MEX
Monclova,MEX
Ometepec,MEX
Cozumel,MEX
Mexicali,MEX
La Paz,MEX
Torreon,MEX
Culiacan,MEX
Nogales,MEX
Hermosillo,MEX
Guaymas,MEX
San Luis Potosi,MEX
Matamoros,MEX
Nuevo Laredo,MEX
Colima,MEX
Campeche,MEX
Oaxaca,MEX
Leon,MEX
Tijuana,MEX
Chihuahua,MEX
Mazatlan,MEX
Tampico,MEX
Acapulco,MEX
Veracruz,MEX
Tuxtla Gutierrez,MEX
Cancun,MEX
Merida,MEX
Guadalajara,MEX
Puebla,MEX
Monterrey,MEX
Mexico City,MEX
Dubasari,MDA
Balti,MDA
Cahul,MDA
Tiraspol,MDA
Chisinau,MDA
Monaco,MCO
Suchboatar,MNG
Dzuunmod,MNG
Tsetserleg,MNG
Olgiy,MNG
Ulaan-Uul,MNG
Hodrogo,MNG
Buyant-Uhaa,MNG
Ondorhaan,MNG
Bayankhongor,MNG
Uliastay,MNG
Altay,MNG
Moron,MNG
Ulaangom,MNG
Bulgan,MNG
Mandalgovi,MNG
Darhan,MNG
Dzuunharaa,MNG
Arvayheer,MNG
Baruun Urt,MNG
Dalandzadgad,MNG
Dund-Us,MNG
Choybalsan,MNG
Erdenet,MNG
Ulaanbaatar,MNG
Podgorica,MNE
Ksar El Kebir,MAR
Larache,MAR
Taza,MAR
Ouezzane,MAR
Kenitra,MAR
Settat,MAR
Er Rachidia,MAR
Meknes,MAR
Tiznit,MAR
El Jadida,MAR
Dawra,MAR
Lemsid,MAR
Tan Tan,MAR
Bir Anzarane,MAR
Tangier,MAR
Agadir,MAR
Goulimine,MAR
Smara,MAR
Ad Dakhla,MAR
Oujda,MAR
Safi,MAR
Laayoune,MAR
Fez,MAR
Rabat,MAR
Marrakesh,MAR
Marrakech,MAR
Casablanca,MAR
Moatize,MOZ
Luangwa,MOZ
Manica,MOZ
Espungabera,MOZ
Montepuez,MOZ
Mocimboa,MOZ
Marrupa,MOZ
Cuamba,MOZ
Ligonha,MOZ
Macia,MOZ
Massangena,MOZ
Mapai,MOZ
Dondo,MOZ
Chiramba,MOZ
Mocuba,MOZ
Nicuadala,MOZ
Maxixe,MOZ
Panda,MOZ
Quissico,MOZ
Vilanculos,MOZ
Matola,MOZ
Chimoio,MOZ
Lichinga,MOZ
Angoche,MOZ
Mocambique,MOZ
Inhambane,MOZ
Tete,MOZ
Pemba,MOZ
Nampula,MOZ
Xai-Xai,MOZ
Quelimane,MOZ
Nacala,MOZ
Beira,MOZ
Maputo,MOZ
Loikaw,MMR
Pa-an,MMR
Haka,MMR
Taunggyi,MMR
Sagaing,MMR
Myingyan,MMR
Letpadan,MMR
Taungoo,MMR
Thongwa,MMR
Mudon,MMR
Ye,MMR
Mawlamyine,MMR
Kyaukphyu,MMR
Wakema,MMR
Labutta,MMR
Phyarpon,MMR
Yandoon,MMR
Hinthada,MMR
Pathein,MMR
Allanmyo,MMR
Yaynangyoung,MMR
Chauk,MMR
Pakokku,MMR
Namtu,MMR
Dawei,MMR
Shwebo,MMR
Bago,MMR
Pyu,MMR
Pyay,MMR
Magway,MMR
Myitkyina,MMR
Monywa,MMR
Myeik,MMR
Mandalay,MMR
Sittwe,MMR
Naypyidaw,MMR
Rangoon,MMR
Omaruru,NAM
Karibib,NAM
Otavi,NAM
Gobabis,NAM
Karasburg,NAM
Bethanie,NAM
Oranjemund,NAM
Mariental,NAM
Rehoboth,NAM
Outjo,NAM
Opuwo,NAM
Usakos,NAM
Okahandja,NAM
Otjiwarongo,NAM
Oshikango,NAM
Cuangar,NAM
Katima Mulilo,NAM
Keetmanshoop,NAM
Maltahohe,NAM
Swakopmund,NAM
Ongwediva,NAM
Rundu,NAM
Tsumeb,NAM
Luderitz,NAM
Walvis Bay,NAM
Windhoek,NAM
Grootfontein,NAM
Sallyan,NPL
Baglung,NPL
Jumla,NPL
Bhairawa,NPL
Dandeldhura,NPL
Dhangarhi,NPL
Ramechhap,NPL
Bhimphedi,NPL
Rajbiraj,NPL
Ilam,NPL
Lalitpur,NPL
Hetauda,NPL
Nepalganj,NPL
Birganj,NPL
Biratnagar,NPL
Pokhara,NPL
Kathmandu,NPL
Assen,NLD
Arnhem,NLD
Maastricht,NLD
Zwolle,NLD
Middelburg,NLD
's-Hertogenbosch,NLD
Eindhoven,NLD
Leeuwarden,NLD
Groningen,NLD
Utrecht,NLD
Haarlem,NLD
Rotterdam,NLD
The Hague,NLD
Amsterdam,NLD
Noumea,NCL
Greymouth,NZL
Upper Hutt,NZL
Masterton,NZL
Levin,NZL
Waitakere,NZL
Takapuna,NZL
Whakatane,NZL
Ashburton,NZL
Kaiapoi,NZL
New Plymouth,NZL
Westport,NZL
Hokitika,NZL
Oamaru,NZL
Palmerston North,NZL
Wanganui,NZL
Hastings,NZL
Gisborne,NZL
Rotorua,NZL
Taupo,NZL
Tauranga,NZL
Timaru,NZL
Nelson,NZL
Whangarei,NZL
Queenstown,NZL
Invercargill,NZL
Napier,NZL
Manukau,NZL
Hamilton,NZL
Blenheim,NZL
Dunedin,NZL
Wellington,NZL
Christchurch,NZL
Auckland,NZL
Somoto,NIC
Ocotal,NIC
San Carlos,NIC
Jinotepe,NIC
Jinotega,NIC
Masaya,NIC
San Juan del Sur,NIC
Esteli,NIC
Boaco,NIC
Juigalpa,NIC
Rivas,NIC
San Juan de Nicaragua,NIC
Granada,NIC
Chinandega,NIC
Matagalpa,NIC
Puerto Cabezas,NIC
Leon,NIC
Bluefields,NIC
Managua,NIC
Goure,NER
Gaya,NER
Tillaberi,NER
Ayorou,NER
Birni Nkonni,NER
Madaoua,NER
Diffa,NER
Nguigmi,NER
Dosso,NER
Arlit,NER
Djado,NER
Maradi,NER
Tahoua,NER
Zinder,NER
Niamey,NER
Agadez,NER
Umuahia,NGA
Uyo,NGA
Owerri,NGA
Dutse,NGA
Damaturu,NGA
Iwo,NGA
Iseyin,NGA
Biu,NGA
Bama,NGA
Aba,NGA
Opobo,NGA
Orlu,NGA
Oturkpo,NGA
Calabar,NGA
Wukari,NGA
Jalingo,NGA
Kontagora,NGA
Bida,NGA
Abeokuta,NGA
Ijebu Ode,NGA
Akure,NGA
Ikare,NGA
Owo,NGA
Ondo,NGA
Ado Ekiti,NGA
Ife,NGA
Oshogbo,NGA
Oyo,NGA
Awka,NGA
Onitsha,NGA
Azare,NGA
Bauchi,NGA
Gombe,NGA
Kumo,NGA
Sapele,NGA
Nsukka,NGA
Lokoja,NGA
Idah,NGA
Lafia,NGA
Keffi,NGA
Funtua,NGA
Katsina,NGA
Gusau,NGA
Nguru,NGA
Gashua,NGA
Potiskum,NGA
Birnin Kebbi,NGA
Koko,NGA
Mubi,NGA
Numan,NGA
Ilorin,NGA
Minna,NGA
Zaria,NGA
Jos,NGA
Yola,NGA
Benin City,NGA
Maiduguri,NGA
Port Harcourt,NGA
Makurdi,NGA
Ibadan,NGA
Ogbomosho,NGA
Warri,NGA
Kaduna,NGA
Enugu,NGA
Sokoto,NGA
Abuja,NGA
Kano,NGA
Lagos,NGA
Sariwon,PRK
Sin-Ni,PRK
Changyon,PRK
Anbyon,PRK
Munchon,PRK
Kaesong,PRK
Chosan,PRK
Manpo,PRK
Sunchon,PRK
Kimhyonggwon,PRK
Pyongsan,PRK
Ongjin,PRK
Haeju,PRK
Kilchu,PRK
Musan,PRK
Sonbong,PRK
Kanggye,PRK
Hungnam,PRK
Taedong,PRK
Chongju,PRK
Hyeson,PRK
Nampo,PRK
Chongjin,PRK
Kimchaek,PRK
Hamhung,PRK
Wonsan,PRK
Sinuiju,PRK
Pyongyang,PRK
Kyrenia,CYN
Ammochostos,CYN
Capitol Hill,MNP
Arendal,NOR
Vossavangen,NOR
Hermansverk,NOR
Baerum,NOR
Hamar,NOR
Tonsberg,NOR
Finnsnes,NOR
Gjovik,NOR
Rorvik,NOR
Harstad,NOR
Alesund,NOR
Sandnes,NOR
Drammen,NOR
Moss,NOR
Steinkjer,NOR
Svolvaer,NOR
Mo i Rana,NOR
Narvik,NOR
Bodo,NOR
Haugesund,NOR
Stavanger,NOR
Skien,NOR
Namsos,NOR
Alta,NOR
Vadso,NOR
Molde,NOR
Lillehammer,NOR
Kirkenes,NOR
Kristiansand,NOR
Hammerfest,NOR
Tromso,NOR
Trondheim,NOR
Bergen,NOR
Oslo,NOR
Alayat Samail,OMN
Dawwah,OMN
Mirbat,OMN
Ibri,OMN
Salalah,OMN
Suhar,OMN
As Sib,OMN
Nizwa,OMN
Sur,OMN
Muscat,OMN
Parachinar,PAK
Sialkote,PAK
Sheikhu Pura,PAK
Gujrat,PAK
Sahiwal,PAK
Chiniot,PAK
Rahimyar Khan,PAK
Mansehra,PAK
Kohat,PAK
Abbottabad,PAK
Mardan,PAK
Gwadar,PAK
Zhob,PAK
Gilgit,PAK
Kasur,PAK
Kundian,PAK
Okara,PAK
Jhang,PAK
Sargodha,PAK
Dera Ghazi Khan,PAK
Sadiqabad,PAK
Nawabshah,PAK
Bannu,PAK
Dera Ismail Khan,PAK
Chaman,PAK
Turbat,PAK
Faisalabad,PAK
Rawalpindi,PAK
Bahawalpur,PAK
Mirput Khas,PAK
Sukkur,PAK
Saidu,PAK
Gujranwala,PAK
Quetta,PAK
Larkana,PAK
Islamabad,PAK
Multan,PAK
Hyderabad,PAK
Peshawar,PAK
Lahore,PAK
Karachi,PAK
Koror,PLW
Melekeok,PLW
Ramallah,PSE
Al Khalil,PSE
Nablus,PSE
Gaza,PSE
El Porvenir,PAN
Penonome,PAN
Chitre,PAN
Jaque,PAN
Bocas del Toro,PAN
Almirante,PAN
Las Tablas,PAN
La Palma,PAN
Colon,PAN
Balboa,PAN
Puerto Armuelles,PAN
David,PAN
Panama City,PAN
Wabag,PNG
Vanimo,PNG
Kundiawa,PNG
Kerema,PNG
Arawa,PNG
Lorengau,PNG
Kimbe,PNG
Daru,PNG
Sohano,PNG
Kieta,PNG
Mendi,PNG
Abau,PNG
Alotau,PNG
Popondetta,PNG
Hoskins,PNG
Wewak,PNG
Madang,PNG
Kavieng,PNG
Goroka,PNG
Mt. Hagen,PNG
Rabaul,PNG
Lae,PNG
Port Moresby,PNG
Mariscal Jose F. Estigarribia,PRY
Caacupe,PRY
General Eugenio Alejandrino Garay,PRY
Arroyos y Esteros,PRY
Villa Hayes,PRY
Fortin Falcon,PRY
Puerto Pinasco,PRY
Pozo Colorado,PRY
San Pedro,PRY
San Lorenzo,PRY
Ypacarai,PRY
San Juan Bautista,PRY
Paraguari,PRY
Nacunday,PRY
Coronel Oviedo,PRY
Caazapa,PRY
Ype Jhu,PRY
Encarnacion,PRY
Coronel Bogado,PRY
Fuerte Olimpo,PRY
Capitan Pablo Lagerenza,PRY
La Victoria,PRY
Horqueta,PRY
Belen,PRY
Rosario,PRY
Ita,PRY
Pilar,PRY
Pedro Juan Caballero,PRY
Bella Vista,PRY
Abai,PRY
Ygatimi,PRY
Hohenau,PRY
Concepcion,PRY
Villarrica,PRY
Filadelfia,PRY
Ciudad del Este,PRY
Asuncion,PRY
Ferrenafe,PER
Motupe,PER
Mollendo,PER
Urubamba,PER
Santo Tomas,PER
Putina,PER
Casma,PER
Tournavista,PER
Huamachuco,PER
Otuzco,PER
Lamas,PER
Nauta,PER
Puquio,PER
Chosica,PER
Satipo,PER
Tarma,PER
La Oroya,PER
Huaura,PER
Huacho,PER
Pimentel,PER
Olmos,PER
Sechura,PER
Chulucanas,PER
Sullana,PER
Abancay,PER
Camana,PER
Sicuani,PER
Puno,PER
Ayaviri,PER
Ilave,PER
Desaguadero,PER
Huarmey,PER
Cajabamba,PER
Jaen,PER
Chota,PER
Tingo Maria,PER
Moyobamba,PER
Juanjui,PER
Tocache,PER
Sechura,PER
Chachapoyas,PER
Caballococha,PER
Puca Urco,PER
Andoas,PER
Soldado Bartra,PER
Nuevo Rocafuerte,PER
Requena,PER
Huanta,PER
Coracora,PER
Chincha Alta,PER
San Ramon,PER
Junin,PER
Jauja,PER
Pativilca,PER
Chancay,PER
Chilca,PER
Chiclayo,PER
Juliaca,PER
Cerro de Pasco,PER
Tarapoto,PER
Ayacucho,PER
Callao,PER
Paita,PER
Talara,PER
Tumbes,PER
Puerto Maldonado,PER
Ilo,PER
Moquegua,PER
Huaraz,PER
Cajamarca,PER
Huanuco,PER
Pacasmayo,PER
Salaverry,PER
Gueppi,PER
Contamana,PER
Huancavelica,PER
Pisco,PER
Nasca,PER
Piura,PER
Arequipa,PER
Chimbote,PER
Pucallpa,PER
Iquitos,PER
Huancayo,PER
Cusco,PER
Tacna,PER
Trujillo,PER
Ica,PER
Lima,PER
San Carlos,PHL
Cadiz,PHL
Pagadian,PHL
Ozamis,PHL
Tarlac,PHL
Cabanatuan,PHL
Olongapo,PHL
Dagupan,PHL
San Pablo,PHL
Quezon City,PHL
Pasay City,PHL
Iligan,PHL
Ormac,PHL
Tacloban,PHL
Butuan,PHL
Tagum,PHL
Surigao,PHL
Gingoog,PHL
Legazpi,PHL
Tuguegarao,PHL
Vigan,PHL
Bacolod,PHL
Roxas,PHL
Puerto Princesa,PHL
Naga,PHL
Angeles,PHL
Batangas,PHL
Cotabato,PHL
Calbayog,PHL
Cagayan de Oro,PHL
Zamboanga,PHL
Laoag,PHL
Baguio City,PHL
General Santos,PHL
Cebu,PHL
Iloilo,PHL
Davao,PHL
Manila,PHL
Olsztyn,POL
Elblag,POL
Inowroclaw,POL
Bytom,POL
Opole,POL
Koszalin,POL
Elk,POL
Gdynia,POL
Wroclaw,POL
Szczecin,POL
Zielona Gora,POL
Poznan,POL
Grudziadz,POL
Bydgoszcz,POL
Katowice,POL
Gliwice,POL
Kielce,POL
Bialystok,POL
Lublin,POL
Rzeszow,POL
Lodz,POL
Gdansk,POL
Krakow,POL
Warsaw,POL
Aveiro,PRT
Leiria,PRT
Viana Do Castelo,PRT
Beja,PRT
Evora,PRT
Portalegre,PRT
Santarem,PRT
Braganca,PRT
Castelo Branco,PRT
Guarda,PRT
Viseu,PRT
Vila Real,PRT
Braga,PRT
Covilha,PRT
Horta,PRT
Angra do Heroismo,PRT
Portimao,PRT
Faro,PRT
Coimbra,PRT
Setubal,PRT
Porto,PRT
Funchal,PRT
Ponta Delgada,PRT
Lisbon,PRT
Ponce,PRI
Mayaguez,PRI
Arecibo,PRI
San Juan,PRI
Doha,QAT
Targu Jiu,ROU
Slatina,ROU
Alexandria,ROU
Targoviste,ROU
Giurgiu,ROU
Slobozia,ROU
Alba Lulia,ROU
Bistrita,ROU
Deva,ROU
Zalau,ROU
Satu Mare,ROU
Rimnicu Vilcea,ROU
Sfintu-Gheorghe,ROU
Miercurea-Cuic,ROU
Piatra-Neamt,ROU
Braila,ROU
Vaslui,ROU
Drobeta-Turnu Severin,ROU
Tulcea,ROU
Arad,ROU
Oradea,ROU
Sibiu,ROU
Suceava,ROU
Buzau,ROU
Galati,ROU
Focsani,ROU
Craiova,ROU
Calarasi,ROU
Resita,ROU
Timisoara,ROU
Botosani,ROU
Baia Mare,ROU
Tirgu Mures,ROU
Pitesti,ROU
Brasov,ROU
Ploiesti,ROU
Bacau,ROU
Cluj-Napoca,ROU
Constanta,ROU
Iasi,ROU
Bucharest,ROU
Nazran,RUS
Ust' Ordynskiy,RUS
Maykop,RUS
Mozdok,RUS
Georgievsk,RUS
Pyatigorsk,RUS
Kislovodsk,RUS
Nevinnomyssk,RUS
Enurmino,RUS
Lavrentiya,RUS
Zvezdnyy,RUS
Mikhalkino,RUS
Chernyakhovsk,RUS
Severomorsk,RUS
Apatity,RUS
Polyarnyy,RUS
Slantsy,RUS
Kolpino,RUS
Novozybkov,RUS
Dyatkovo,RUS
Shuya,RUS
Kineshma,RUS
Balakhna,RUS
Arzamas,RUS
Rzhev,RUS
Vyshnniy Volochek,RUS
Uglich,RUS
Yelets,RUS
Orekhovo-Zuevo,RUS
Klin,RUS
Sergiyev Posad,RUS
Kolomna,RUS
Bataysk,RUS
Taganrog,RUS
Novocherkassk,RUS
Kamensk Shakhtinskiy,RUS
Novoshakhtinsk,RUS
Aleksin,RUS
Novomoskovsk,RUS
Shchekino,RUS
Nikolayevsk,RUS
Shebekino,RUS
Gubkin,RUS
Apsheronsk,RUS
Kropotkin,RUS
Ruzayevka,RUS
Kirsanov,RUS
Michurinsk,RUS
Borisoglebsk,RUS
Oktyabrskiy,RUS
Plast,RUS
Bakal,RUS
Verkhniy Ufaley,RUS
Severnyy,RUS
Kirovo-Chepetsk,RUS
Krasnoturinsk,RUS
Asbest,RUS
Alapayevsk,RUS
Krasnouralsk,RUS
Severouralsk,RUS
Novotroitsk,RUS
Buguruslan,RUS
Chapayevsk,RUS
Syzran,RUS
Novokuybishevsk,RUS
Naberezhnyye Chelny,RUS
Zelenodolsk,RUS
Leninogorsk,RUS
Bugulma,RUS
Nefteyugansk,RUS
Leninsk Kuznetsky,RUS
Anzhero Sudzhensk,RUS
Kiselevsk,RUS
Mundybash,RUS
Chernogorsk,RUS
Abaza,RUS
Iskitim,RUS
Toguchin,RUS
Kupina,RUS
Zaozernyy,RUS
Bogotol,RUS
Shilka,RUS
Sherlovaya Gora,RUS
Petrovsk Zabaykalskiy,RUS
Arsenyev,RUS
Partizansk,RUS
Dalnerechensk,RUS
Zemlya Bunge,RUS
Khorgo,RUS
Put Lenina,RUS
Obluchye,RUS
Vanino,RUS
Omchak,RUS
Uglegorsk,RUS
Kholmsk,RUS
Solikamsk,RUS
Kizel,RUS
Pakhachi,RUS
Oymyakon,RUS
Timiryazevskiy,RUS
Asino,RUS
Strezhevoy,RUS
Cherkessk,RUS
Vladikavkaz,RUS
Blagodarnyy,RUS
Zelenokumsk,RUS
Mukhomornoye,RUS
Beringovskiy,RUS
Bilibino,RUS
Mys Shmidta,RUS
Egvekinot,RUS
Sovetsk,RUS
Nikel,RUS
Monchegorsk,RUS
Kirovsk,RUS
Borovichi,RUS
Staraya Russa,RUS
Volkhov,RUS
Tikhvin,RUS
Svetogorsk,RUS
Gatchina,RUS
Luga,RUS
Klintsy,RUS
Roslavl,RUS
Safonovo,RUS
Vyazma,RUS
Segezha,RUS
Vichuga,RUS
Sharya,RUS
Buy,RUS
Dzerzhinsk,RUS
Vyska,RUS
Kimry,RUS
Bezhetsk,RUS
Nelidovo,RUS
Bologoye,RUS
Torzhok,RUS
Sokol,RUS
Cherepovets,RUS
Rybinsk,RUS
Rostov,RUS
Kaluga,RUS
Kirov,RUS
Obninsk,RUS
Lgov,RUS
Zheleznogorsk,RUS
Gryazi,RUS
Yegoryevsk,RUS
Podolsk,RUS
Solnechnogorsk,RUS
Noginsk,RUS
Serpukhov,RUS
Livny,RUS
Mtsensk,RUS
Salsk,RUS
Belaya Kalitva,RUS
Shakhty,RUS
Millerovo,RUS
Yefremov,RUS
Bogoroditsk,RUS
Kamyshin,RUS
Pallasovka,RUS
Frolovo,RUS
Volzhskiy,RUS
Mikhaylovka,RUS
Uryupinsk,RUS
Starsy Oskol,RUS
Alekseyevka,RUS
Valuyki,RUS
Tuapse,RUS
Gelendzhik,RUS
Labinsk,RUS
Armavir,RUS
Timashevsk,RUS
Tikhoretsk,RUS
Yeysk,RUS
Saransk,RUS
Kamenka,RUS
Kuznetsk,RUS
Serdobsk,RUS
Kasimov,RUS
Sasovo,RUS
Kotovsk,RUS
Morshansk,RUS
Kovrov,RUS
Murom,RUS
Rayevskiy,RUS
Sibay,RUS
Kumertau,RUS
Salavat,RUS
Belebey,RUS
Tuymazy,RUS
Neftekamsk,RUS
Troitsk,RUS
Yemanzhelinsk,RUS
Kartaly,RUS
Asha,RUS
Miass,RUS
Kyshtym,RUS
Kurtamysh,RUS
Shadrinsk,RUS
Varnek,RUS
Bugrino,RUS
Yamburg,RUS
Nakhodka,RUS
Sosnogorsk,RUS
Sovetsk,RUS
Slobodskoy,RUS
Kirs,RUS
Omutninsk,RUS
Kotelnich,RUS
Yoshkar Ola,RUS
Kamensk Uralskiy,RUS
Polevskoy,RUS
Tavda,RUS
Artemovskiy,RUS
Nevyansk,RUS
Verkhnyaya Salda,RUS
Nizhnyaya Tura,RUS
Karpinsk,RUS
Ivdel,RUS
Krasnoufimsk,RUS
Sarapul,RUS
Mozhga,RUS
Votkinsk,RUS
Glazov,RUS
Kanash,RUS
Shumerlya,RUS
Alatyr,RUS
Sol-lletsk,RUS
Dombarovskiy,RUS
Mednogorsk,RUS
Gay,RUS
Buzuluk,RUS
Otradnyy,RUS
Tolyatti,RUS
Engels,RUS
Pugachev,RUS
Volsk,RUS
Atkarsk,RUS
Balashov,RUS
Almetyevsk,RUS
Chistopol,RUS
Nizhnekamsk,RUS
Dimitrovgrad,RUS
Peregrebnoye,RUS
Saranpaul,RUS
Uray,RUS
Laryak,RUS
Kogalym,RUS
Megion,RUS
Cherlak,RUS
Kalachinsk,RUS
Nazyvayevsk,RUS
Isikul,RUS
Ishim,RUS
Golyshmanovo,RUS
Yalutorovsk,RUS
Biysk,RUS
Zmeinogorsk,RUS
Aleysk,RUS
Novoaltaysk,RUS
Kamenna Obi,RUS
Gornyak,RUS
Kulunda,RUS
Slavgorod,RUS
Tashtagol,RUS
Guryevsk,RUS
Yurga,RUS
Topki,RUS
Mariinsk,RUS
Shira,RUS
Cherepanovo,RUS
Kargat,RUS
Ob,RUS
Karasuk,RUS
Barabinsk,RUS
Tatarsk,RUS
Kaspiysk,RUS
Derbent,RUS
Buynaksk,RUS
Yessey,RUS
Ulkan,RUS
Kirensk,RUS
Zheleznogorsk Ilimskiy,RUS
Vikhorevka,RUS
Biryusinsk,RUS
Kodinskiy,RUS
Artemovsk,RUS
Uyar,RUS
Uzhur,RUS
Sayanogorsk,RUS
Podkamennaya,RUS
Igarka,RUS
Agapa,RUS
Boyarka,RUS
Nordvik,RUS
Chelyuskin,RUS
Taksimo,RUS
Gusinoozyorsk,RUS
Aginskoye,RUS
Progress,RUS
Belogorsk,RUS
Nyukzha,RUS
Nerchinsk,RUS
Kavalerovo,RUS
Spassk Dalniy,RUS
Shalaurova,RUS
Logashkino,RUS
Ust Kuyga,RUS
Pokrovsk,RUS
Verkhnevilyuysk,RUS
Vitim,RUS
Olyokminsk,RUS
Tunguskhaya,RUS
Natara,RUS
Zhilinda,RUS
Trofimovsk,RUS
Tukchi,RUS
Amursk,RUS
Bikin,RUS
Vyazemskiy,RUS
Chegdomyn,RUS
Siglan,RUS
Karamken,RUS
Strelka,RUS
Severo Kurilsk,RUS
Krasnogorsk,RUS
Poronaysk,RUS
Makarov,RUS
Dolinsk,RUS
Nevelsk,RUS
Kudymkar,RUS
Kungur,RUS
Krasnokamsk,RUS
Chusovoy,RUS
Gubakha,RUS
Utkholok,RUS
Bol'sheretsk,RUS
Il'pyrskiy,RUS
Korf,RUS
Kolpashevo,RUS
Omolon,RUS
Pevek,RUS
Umba,RUS
Kovda,RUS
Velikiy Novgorod,RUS
Velikiye Luki,RUS
Belomorsk,RUS
Kem,RUS
Krasino,RUS
Matochkin Shar,RUS
Severodvinsk,RUS
Kursk,RUS
Tula,RUS
Tambov,RUS
Sterlitamak,RUS
Kurgan,RUS
Indiga,RUS
Shoyna,RUS
Novyy Port,RUS
Salekhard,RUS
Gyda,RUS
Tazovskiy,RUS
Novy Urengoy,RUS
Nadym,RUS
Noyabrsk,RUS
Syktyvkar,RUS
Ukhta,RUS
Serov,RUS
Cheboksary,RUS
Orsk,RUS
Balakovo,RUS
Igrim,RUS
Nyagan,RUS
Khanty Mansiysk,RUS
Nizhenvartovsk,RUS
Numto,RUS
Tara,RUS
Tobolsk,RUS
Rubtsovsk,RUS
Gorno Altaysk,RUS
Prokopyevsk,RUS
Makhachkala,RUS
Tura,RUS
Noginsk,RUS
Yerema,RUS
Tayshet,RUS
Usolye Sibirskoye,RUS
Slyudyanka,RUS
Cheremkhovo,RUS
Zima,RUS
Tulun,RUS
Nizhneudinsk,RUS
Ust Kut,RUS
Bodaybo,RUS
Komsa,RUS
Kansk,RUS
Achinsk,RUS
Yeniseysk,RUS
Lesosibirsk,RUS
Turukhansk,RUS
Vorontsovo,RUS
Starorybnoye,RUS
Mikhaylova,RUS
Dudinka,RUS
Teli,RUS
Novyy Uoyin,RUS
Bagdarin,RUS
Severobaykalsk,RUS
Kyakhta,RUS
Svobodnyy,RUS
Zeya,RUS
Magdagachi,RUS
Shimanovsk,RUS
Skovorodino,RUS
Tynda,RUS
Olovyannaya,RUS
Mogocha,RUS
Krasnokamensk,RUS
Borzya,RUS
Khilok,RUS
Nakhodka,RUS
Ussuriysk,RUS
Lesozavodsk,RUS
Kavache,RUS
Verkhoyansk,RUS
Cherskiy,RUS
Srednekolymsk,RUS
Zyryanka,RUS
Eldikan,RUS
Chagda,RUS
Khandyga,RUS
Ust Maya,RUS
Neryungri,RUS
Chernyshevskiy,RUS
Terbyas,RUS
Vilyuysk,RUS
Sangar,RUS
Menkere,RUS
Saskylakh,RUS
Govorovo,RUS
Sagastyr,RUS
Ust Olensk,RUS
Suntar,RUS
Olenek,RUS
Udachnyy,RUS
Birobidzhan,RUS
Khakhar,RUS
De Kastri,RUS
Chumikan,RUS
Komsomolsk na Amure,RUS
Ayan,RUS
Nikolayevsk na Amure,RUS
Savetskaya Gavan,RUS
Evensk,RUS
Palatka,RUS
Omsukchan,RUS
Susuman,RUS
Nogliki,RUS
Aleksandrovsk Sakhalinskiy,RUS
Korsakov,RUS
Manily,RUS
Oktyabrskiy,RUS
Klyuchi,RUS
Ust Kamchatsk,RUS
Provideniya,RUS
Uelen,RUS
Kandalaksha,RUS
Vyborg,RUS
Kondopoga,RUS
Rusanovo,RUS
Mezen,RUS
Velsk,RUS
Kotlas,RUS
Onega,RUS
Ivanovo,RUS
Kostroma,RUS
Velikiy Ustyug,RUS
Lipetsk,RUS
Orel,RUS
Volgodonsk,RUS
Belgorod,RUS
Novorossiysk,RUS
Vladimir,RUS
Birsk,RUS
Zlatoust,RUS
Amderma,RUS
Naryan Mar,RUS
Inta,RUS
Usinsk,RUS
Pechora,RUS
Pervouralsk,RUS
Izhevsk,RUS
Akhtubinsk,RUS
Elista,RUS
Krasnoarmeysk,RUS
Berezniki,RUS
Naltchik,RUS
Stavropol,RUS
Ugolnyye Kopi,RUS
Kaliningrad,RUS
Pskov,RUS
Bryansk,RUS
Smolensk,RUS
Petrozavodsk,RUS
Tver,RUS
Vologda,RUS
Yaroslavl,RUS
Rostov,RUS
Sochi,RUS
Krasnodar,RUS
Penza,RUS
Ryazan,RUS
Voronezh,RUS
Magnitogorsk,RUS
Chelyabinsk,RUS
Vorkuta,RUS
Kirov,RUS
Nizhny Tagil,RUS
Astrakhan,RUS
Orenburg,RUS
Saratov,RUS
Ulyanovsk,RUS
Omsk,RUS
Tyumen,RUS
Novokuznetsk,RUS
Kemerovo,RUS
Groznyy,RUS
Ust-Ulimsk,RUS
Angarsk,RUS
Abakan,RUS
Norilsk,RUS
Khatanga,RUS
Kyzyl,RUS
Ulan Ude,RUS
Blagoveshchensk,RUS
Bukachacha,RUS
Dalnegorsk,RUS
Ambarchik,RUS
Batagay,RUS
Chokurdakh,RUS
Ust Nera,RUS
Lensk,RUS
Aldan,RUS
Mirnyy,RUS
Zhigansk,RUS
Okhotsk,RUS
Khabarovsk,RUS
Okha,RUS
Yuzhno Sakhalinsk,RUS
Tomsk,RUS
Anadyr,RUS
Murmansk,RUS
Archangel,RUS
Nizhny Novgorod,RUS
Volgograd,RUS
Ufa,RUS
Yekaterinburg,RUS
Samara,RUS
Kazan,RUS
Surgut,RUS
Barnaul,RUS
Novosibirsk,RUS
Bratsk,RUS
Irkutsk,RUS
Krasnoyarsk,RUS
Dickson,RUS
Chita,RUS
Vladivostok,RUS
Nizhneyansk,RUS
Yakutsk,RUS
Tiksi,RUS
Magadan,RUS
Perm,RUS
Palana,RUS
Petropavlovsk Kamchatskiy,RUS
St. Petersburg,RUS
Moscow,RUS
Gikongoro,RWA
Kibuye,RWA
Kibungo,RWA
Nyanza,RWA
Gitarama,RWA
Butare,RWA
Gisenyi,RWA
Cyangugu,RWA
Byumba,RWA
Ruhengeri,RWA
Kigali,RWA
Basseterre,KNA
Castries,LCA
Kingstown,VCT
Apia,WSM
San Marino,SMR
Santo Antonio,STP
Sao Tome,STP
An Nabk,SAU
Sakakah,SAU
Yanbu al Bahr,SAU
Dawmat al Jandal,SAU
Qal at Bishah,SAU
At Taif,SAU
Najran,SAU
Al Quwayiyah,SAU
Al Hillah,SAU
Al Mubarraz,SAU
Al-Qatif,SAU
Az Zahran,SAU
Buraydah,SAU
Hail,SAU
Arar,SAU
Rafha,SAU
Al Kharj,SAU
Ad Damman,SAU
Hafar al Batin,SAU
Al Jubayl,SAU
Al Qunfudhah,SAU
Al Hufuf,SAU
Al Wajh,SAU
Abha,SAU
Jizan,SAU
As Sulayyil,SAU
Medina,SAU
Tabuk,SAU
Jeddah,SAU
Makkah,SAU
Riyadh,SAU
Fatick,SEN
Diourbel,SEN
Louga,SEN
Thies,SEN
Kolda,SEN
Tambacounda,SEN
Kedougou,SEN
Ziguinchor,SEN
Kaolack,SEN
Kaedi,SEN
Dakar,SEN
Subotica,SRB
Kragujevac,SRB
Zrenjanin,SRB
Pec,SRB
Nis,SRB
Novi Sad,SRB
Belgrade,SRB
Victoria,SYC
Makeni,SLE
Koidu,SLE
Kenema,SLE
Bo,SLE
Freetown,SLE
Singapore,SGP
Banska Bystrica,SVK
Trnava,SVK
Zvolen,SVK
Zilina,SVK
Kosice,SVK
Presov,SVK
Bratislava,SVK
Maribor,SVN
Ljubljana,SVN
Gizo,SLB
Lata,SLB
Honiara,SLB
Xuddur,SOM
Garbahaarey,SOM
Bu'aale,SOM
Dhuusa Mareeb,SOM
Buurhakaba,SOM
Luuq,SOM
Mandera,SOM
Ferfer,SOM
Jawhar,SOM
Hurdiyo,SOM
Qardho,SOM
Caluula,SOM
Buur Gaabo,SOM
Baydhabo,SOM
Marka,SOM
Mereeg,SOM
Beledweyne,SOM
Boosaaso,SOM
Bandarbeyla,SOM
Gaalkacyo,SOM
Eyl,SOM
Garoowe,SOM
Jamaame,SOM
Kismaayo,SOM
Mogadishu,SOM
Laascaanood,SOL
Ceerigaabo,SOL
Boorama,SOL
Burco,SOL
Maydh,SOL
Berbera,SOL
Hargeysa,SOL
Qacha's Nek,ZAF
Colesberg,ZAF
Poffader,ZAF
Carnarvon,ZAF
Prieska,ZAF
Kuruman,ZAF
Knysna,ZAF
Swellendam,ZAF
Hermanus,ZAF
Paarl,ZAF
Bredasdorp,ZAF
Beaufort West,ZAF
Brits,ZAF
Bloemhof,ZAF
Potchefstroom,ZAF
Brandfort,ZAF
Bethlehem,ZAF
Springs,ZAF
Volksrust,ZAF
Nelspruit,ZAF
Komatipoort,ZAF
Middelburg,ZAF
Bethal,ZAF
Standerton,ZAF
Lebowakgomo,ZAF
Tzaneen,ZAF
Ulundi,ZAF
Ladysmith,ZAF
Port Shepstone,ZAF
Ubomba,ZAF
Cradock,ZAF
Uitenhage,ZAF
Port Alfred,ZAF
Grahamstown,ZAF
Port St. Johns,ZAF
Aliwal North,ZAF
Queenstown,ZAF
Benoni,ZAF
Vereeniging,ZAF
De Aar,ZAF
Alexander Bay,ZAF
Kimberley,ZAF
Oudtshoorn,ZAF
Vanhynsdorp,ZAF
Saldanha,ZAF
Mossel Bay,ZAF
Vryburg,ZAF
Rustenburg,ZAF
Mmabatho,ZAF
Klerksdorp,ZAF
Kroonstad,ZAF
Polokwane,ZAF
Thohoyandou,ZAF
Musina,ZAF
Vryheid,ZAF
Pietermaritzburg,ZAF
Umtata,ZAF
Graaff Reinet,ZAF
Bhisho,ZAF
Springbok,ZAF
Upington,ZAF
Worcester,ZAF
George,ZAF
Welkom,ZAF
East London,ZAF
Middelburg,ZAF
Bloemfontein,ZAF
Pretoria,ZAF
Port Elizabeth,ZAF
Durban,ZAF
Johannesburg,ZAF
Cape Town,ZAF
Grytviken,SGS
Eumseong,KOR
Cheongju,KOR
Wonju,KOR
Chuncheon,KOR
Ansan,KOR
Iksan,KOR
Gyeongju,KOR
Masan,KOR
Yeosu,KOR
Andong,KOR
Jeju,KOR
Gangneung,KOR
Sokcho,KOR
Jeonju,KOR
Gunsan,KOR
Mokpo,KOR
Puch'on,KOR
Songnam,KOR
Goyang,KOR
Suwon,KOR
Pohang,KOR
Ulsan,KOR
Daegu,KOR
Incheon,KOR
Daejeon,KOR
Gwangju,KOR
Busan,KOR
Seoul,KOR
Bentiu,SSD
Maridi,SSD
Yei,SSD
Melut,SSD
Nasir,SSD
Gogrial,SSD
Kapoeta,SSD
Aweil,SSD
Rumbek,SSD
Yambio,SSD
Bor,SSD
Nimule,SSD
Juba,SSD
Malakal,SSD
Wau,SSD
Merida,ESP
Marbella,ESP
Linares,ESP
Algeciras,ESP
Leon,ESP
Mataro,ESP
Gijon,ESP
Vitoria,ESP
Almeria,ESP
Malaga,ESP
Jaen,ESP
Huelva,ESP
Albacete,ESP
Toledo,ESP
Guadalajara,ESP
Santander,ESP
Salamanca,ESP
Burgos,ESP
Tarragona,ESP
Lorca,ESP
Cartagena,ESP
Oviedo,ESP
Santiago de Compostela,ESP
Badajoz,ESP
Logrono,ESP
San Sebastian,ESP
Alicante,ESP
Castello,ESP
Arrecife,ESP
Cadiz,ESP
Granada,ESP
Murcia,ESP
Ceuta,ESP
La Coruna,ESP
Ourense,ESP
Pamplona,ESP
Valladolid,ESP
Melilla,ESP
Palma,ESP
Zaragoza,ESP
Santa Cruz de Tenerife,ESP
Cordoba,ESP
Vigo,ESP
Bilbao,ESP
Las Palmas,ESP
Seville,ESP
Valencia,ESP
Barcelona,ESP
Madrid,ESP
Trincomalee,LKA
Puttalan,LKA
Ratnapura,LKA
Batticaloa,LKA
Kilinochchi,LKA
Matara,LKA
Badulla,LKA
Moratuwa,LKA
Galle,LKA
Anuradhapura,LKA
Jaffna,LKA
Kandy,LKA
Sri Jawewardenepura Kotte,LKA
Colombo,LKA
Ed Damazin,SDN
Haiya,SDN
El Manaqil,SDN
Shendi,SDN
Berber,SDN
Kerma,SDN
Ed Dueim,SDN
Umm Ruwaba,SDN
En Nuhud,SDN
Muglad,SDN
Tokar,SDN
Medani,SDN
Gedaref,SDN
EdDamer,SDN
Atbara,SDN
Wadi Halfa,SDN
Merowe,SDN
Kosti,SDN
Sennar,SDN
El Fasher,SDN
Kadugli,SDN
Babanusa,SDN
Geneina,SDN
Omdurman,SDN
El Obeid,SDN
Port Sudan,SDN
Niyala,SDN
Dongola,SDN
Kassala,SDN
Khartoum,SDN
Onverwacht,SUR
Groningen,SUR
Brownsweg,SUR
Moengo,SUR
Nieuw Amsterdam,SUR
Nieuw Nickerie,SUR
Brokopondo,SUR
Totness,SUR
Cottica,SUR
Paramaribo,SUR
Longyearbyen,SJM
Piggs Peak,SWZ
Siteki,SWZ
Manzini,SWZ
Hlatikulu,SWZ
Golela,SWZ
Lobamba,SWZ
Mbabane,SWZ
Falun,SWE
Nykoping,SWE
Harnosand,SWE
Karlskrona,SWE
Mariestad,SWE
Vannersborg,SWE
Borlange,SWE
Vasteraas,SWE
Bollnas,SWE
Gavle,SWE
Kalmar,SWE
Vaxjo,SWE
Orebro,SWE
Norrkoping,SWE
Halmstad,SWE
Karlstad,SWE
Skelleftea,SWE
Visby,SWE
Trollhattan,SWE
Boras,SWE
Kristianstad,SWE
Helsingborg,SWE
Jonkoping,SWE
Ornskoldsvik,SWE
Linkoping,SWE
Ostersund,SWE
Kiruna,SWE
Umea,SWE
Uppsala,SWE
Goteborg,SWE
Lulea,SWE
Sundsvall,SWE
Malmo,SWE
Stockholm,SWE
Delemont,CHE
Neuchatel,CHE
Aarau,CHE
Stans,CHE
Sion,CHE
Herisau,CHE
Saint Gallen,CHE
Bellinzona,CHE
Glarus,CHE
Schaffhausen,CHE
Schwyz,CHE
Frauenfeld,CHE
Altdorf,CHE
Zug,CHE
Fribourg,CHE
Liestal,CHE
Solothurn,CHE
Sarnen,CHE
Appenzell,CHE
Chur,CHE
Biel,CHE
Luzern,CHE
Lugano,CHE
Lausanne,CHE
Basel,CHE
Bern,CHE
Zurich,CHE
Geneva,CHE
Dar'a,SYR
Al Ladhiqiyah,SYR
Madinat ath Thawrah,SYR
Izaz,SYR
Manbij,SYR
Idlib,SYR
Al Qamishli,SYR
Al Hasakah,SYR
Duma,SYR
Tartus,SYR
Ar Raqqah,SYR
Hamah,SYR
Tadmur,SYR
Abu Kamal,SYR
Dayr az Zawr,SYR
As Suwayda,SYR
Ad Nabk,SYR
Al Qunaytirah,SYR
Hims,SYR
Aleppo,SYR
Damascus,SYR
Bade,TWN
Pingzhen,TWN
Taibao,TWN
Taoyuan,TWN
Yangmei,TWN
Yilan,TWN
Zhubei,TWN
Douliou,TWN
Zhongli,TWN
Keelung,TWN
Nantou,TWN
Puzi,TWN
Changhua,TWN
Chiayi,TWN
Hsinchu,TWN
Miaoli,TWN
Pingtung,TWN
Hualien,TWN
New Taipei,TWN
Tainan,TWN
Taitung,TWN
Magong,TWN
Taichung,TWN
Kaohsiung,TWN
Taipei,TWN
Leninobod,TJK
Qurghonteppa,TJK
Konibodom,TJK
Kuybyshevskiy,TJK
Kulob,TJK
Uroteppa,TJK
Khorugh,TJK
Khujand,TJK
Dushanbe,TJK
Wete,TZA
Kibaha,TZA
Mkokotoni,TZA
Tunduma,TZA
Tukuyu,TZA
Sumbawanga,TZA
Mpanda,TZA
Kipili,TZA
Karema,TZA
Geita,TZA
Nyahanga,TZA
Kahama,TZA
Shinyanga,TZA
Nzega,TZA
Sikonge,TZA
Biharamulo,TZA
Bukoba,TZA
Ngara,TZA
Kakonko,TZA
Kasulu,TZA
Kanyato,TZA
Uvinza,TZA
Kigoma,TZA
Mikumi,TZA
Ifakara,TZA
Kilosa,TZA
Chake Chake,TZA
Kibiti,TZA
Bagamoyo,TZA
Kilindoni,TZA
Mpwapwa,TZA
Njombe,TZA
Iringa,TZA
Masasi,TZA
Mtwara,TZA
Tunduru,TZA
Mbamba Bay,TZA
Manyoni,TZA
Itigi,TZA
Singida,TZA
Ngorongoro,TZA
Oldeani,TZA
Mbulu,TZA
Babati,TZA
Same,TZA
Moshi,TZA
Musoma,TZA
Korogwe,TZA
Tabora,TZA
Lindi,TZA
Songea,TZA
Tanga,TZA
Mwanza,TZA
Morogoro,TZA
Dodoma,TZA
Arusha,TZA
Mbeya,TZA
Zanzibar,TZA
Dar es Salaam,TZA
Mae Hong Son,THA
Phangnga,THA
Ranong,THA
Krabi,THA
Phatthalung,THA
Satun,THA
Lamphun,THA
Kamphaeng Phet,THA
Phichit,THA
Phetchabun,THA
Supham Buri,THA
Ang Thong,THA
Chainat,THA
Nakhon Nayok,THA
Sing Buri,THA
Nakhon Pathom,THA
Prachuap Khiri Khan,THA
Samut Sakhon,THA
Samut Songkhram,THA
Yasothon,THA
Chachoengsao,THA
Trat,THA
Kalasin,THA
Maha Sarakham,THA
Roi Et,THA
Pattani,THA
Chumphon,THA
Thung Song,THA
Trang,THA
Yala,THA
Chiang Rai,THA
Lampang,THA
Nan,THA
Phayao,THA
Phrae,THA
Phitsanulok,THA
Sukhothai,THA
Uttaradit,THA
Kanchanaburi,THA
Mae Sot,THA
Tak,THA
Uthai Thani,THA
Lop Buri,THA
Prachin Buri,THA
Ayutthaya,THA
Pathum Thani,THA
Saraburi,THA
Nonthaburi,THA
Phetchaburi,THA
Hua Hin,THA
Ratchaburi,THA
Samut Prakan,THA
Sisaket,THA
Si Racha,THA
Chon Buri,THA
Chanthaburi,THA
Aranyaprathet,THA
Rayong,THA
Buriram,THA
Chaiyaphum,THA
Bua Yai,THA
Surin,THA
Loei,THA
Nong Khai,THA
Sakhon Nakhon,THA
Udon Thani,THA
Nakhon Phanom,THA
Narathiwat,THA
Khon Kaen,THA
Phuket,THA
Nakhon Si Thammarat,THA
Songkhla,THA
Hat Yai,THA
Nakhon Sawan,THA
Ubon Ratchathani,THA
Surat Thani,THA
Chiang Mai,THA
Nakhon Ratchasima,THA
Bangkok,THA
Freeport,BHS
Nassau,BHS
Georgetown,GMB
Basse Santa Su,GMB
Kerewan,GMB
Mansa Konko,GMB
Bansang,GMB
Brikama,GMB
Banjul,GMB
Bassar,TGO
Sotouboua,TGO
Kpalime,TGO
Sokode,TGO
Mango,TGO
Atakpame,TGO
Lome,TGO
Neiafu,TON
Nukualofa,TON
San Fernando,TTO
Port-of-Spain,TTO
Medemine,TUN
Kebili,TUN
Tataouine,TUN
L'Ariana,TUN
Jendouba,TUN
Kasserine,TUN
Sdid Bouzid,TUN
Siliana,TUN
Mahdia,TUN
Monasir,TUN
Zaghouan,TUN
Ben Gardane,TUN
Zarzis,TUN
Dehibat,TUN
Tozeur,TUN
Beja,TUN
Bizerte,TUN
Nabeul,TUN
El Kef,TUN
Qasserine,TUN
Gabes,TUN
Gafsa,TUN
Qairouan,TUN
Sfax,TUN
Sousse,TUN
Tunis,TUN
Kirklareli,TUR
Bilecik,TUR
Sakarya,TUR
Kastamonu,TUR
Burdur,TUR
Kirsehir,TUR
Nevsehir,TUR
Antioch,TUR
Giresun,TUR
Sinop,TUR
Tokat,TUR
Coruh,TUR
Bingol,TUR
Bitlis,TUR
Cankiri,TUR
Nigde,TUR
Yozgat,TUR
Gumushane,TUR
Siirt,TUR
Tunceli,TUR
Aydin,TUR
Luleburgaz,TUR
Isparta,TUR
Kutahya,TUR
Mugla,TUR
Elazig,TUR
Kahramanmaras,TUR
Icel,TUR
Corum,TUR
Rize,TUR
Tatvan,TUR
Polatli,TUR
Karabuk,TUR
Nusaybin,TUR
Hakkari,TUR
Soke,TUR
Balikesir,TUR
Canakkale,TUR
Edirne,TUR
Tekirdag,TUR
Kocaeli,TUR
Bolu,TUR
Afyon,TUR
Denizli,TUR
Manisa,TUR
Adiyaman,TUR
Malatya,TUR
Tarsus,TUR
Samandagi,TUR
Hatay,TUR
Iskenderun,TUR
Amasya,TUR
Ordu,TUR
Sivas,TUR
Bafra,TUR
Erzurum,TUR
Erzincan,TUR
Agri,TUR
Diyarbakir,TUR
Mus,TUR
Zonguldak,TUR
Eregli,TUR
Karaman,TUR
Usak,TUR
Kilis,TUR
Kirikkale,TUR
Kars,TUR
Mardin,TUR
Batman,TUR
Van,TUR
Adapazari,TUR
Trabzon,TUR
Sanliurfa,TUR
Eskisehir,TUR
Antalya,TUR
Kayseri,TUR
Gaziantep,TUR
Izmir,TUR
Bursa,TUR
Samsun,TUR
Konya,TUR
Adana,TUR
Ankara,TUR
Istanbul,TUR
Gyzlarbat,TKM
Celeken,TKM
Tejen,TKM
Buzmeyin,TKM
Koneurgench,TKM
Balkanabat,TKM
Kaka,TKM
Atamyrat,TKM
Dasoguz,TKM
Turkmenbasy,TKM
Turkmenabat,TKM
Mary,TKM
Ashgabat,TKM
Grand Turk,TCA
Funafuti,TUV
Kalangala,UGA
Kumi,UGA
Kaberamaido,UGA
Kayunga,UGA
Iganga,UGA
Kamuli,UGA
Pallisa,UGA
Mpigi,UGA
Adjumani,UGA
Nebbi,UGA
Kiboga,UGA
Nakasongola,UGA
Bombo,UGA
Masindi,UGA
Fort Portal,UGA
Kibale,UGA
Sironko,UGA
Busia,UGA
Katakwi,UGA
Ntungamo,UGA
Kisoro,UGA
Jinja,UGA
Soroti,UGA
Arua,UGA
Pakwach,UGA
Moyo,UGA
Entebbe,UGA
Mubende,UGA
Mityana,UGA
Kitgum,UGA
Lira,UGA
Masindi-Port,UGA
Mbale,UGA
Tororo,UGA
Kaabong,UGA
Moroto,UGA
Masaka,UGA
Katwe,UGA
Mbarara,UGA
Kabale,UGA
Kasese,UGA
Gulu,UGA
Kampala,UGA
Mykolayiv,UKR
Chernihiv,UKR
Khmelnytskyy,UKR
Kamyanets-Podilskyy,UKR
Drohobych,UKR
Uzhgorod,UKR
Uman,UKR
Brovary,UKR
Bila Tserkva,UKR
Illichivsk,UKR
Konotop,UKR
Kryvyy Rih,UKR
Makiyivka,UKR
Horlivka,UKR
Kramatorsk,UKR
Berdyansk,UKR
Dzhankoy,UKR
Yevpatoriya,UKR
Kerch,UKR
Simferopol,UKR
Kherson,UKR
Voznesensk,UKR
Nizhyn,UKR
Rivne,UKR
Chernivtsi,UKR
Ivano-Frankivsk,UKR
Ternopil,UKR
Lutsk,UKR
Kovel,UKR
Cherkasy,UKR
Kirovohrad,UKR
Izmayil,UKR
Vinnytsya,UKR
Korosten,UKR
Shostka,UKR
Nikopol,UKR
Kupyansk,UKR
Lysychansk,UKR
Luhansk,UKR
Poltava,UKR
Kremenchuk,UKR
Melitopol,UKR
Zaporizhzhya,UKR
Yalta,UKR
Chernobyl,UKR
Sumy,UKR
Mariupol,UKR
Lvov,UKR
Odessa,UKR
Zhytomyr,UKR
Dnipropetrovsk,UKR
Donetsk,UKR
Kharkiv,UKR
Sevastapol,UKR
Kiev,UKR
Umm al Qaywayn,ARE
Sharjah,ARE
Jabal Ali,ARE
Ras al Khaymah,ARE
Al Fujayrah,ARE
Al Ayn,ARE
Abu Dhabi,ARE
Dubai,ARE
Greenock,GBR
Sunderland,GBR
Southampton,GBR
Bristol,GBR
Bournemouth,GBR
Omagh,GBR
Chester,GBR
Swansea,GBR
Carlisle,GBR
Southend,GBR
Reading,GBR
Leicester,GBR
Bradford,GBR
Sheffield,GBR
Fort William,GBR
Ayr,GBR
Aberdeen,GBR
Perth,GBR
Dundee,GBR
Middlesbrough,GBR
Coventry,GBR
Bath,GBR
Exeter,GBR
Cambridge,GBR
Kingston upon Hull,GBR
Londonderry,GBR
Lisburn,GBR
Penzance,GBR
York,GBR
Blackpool,GBR
Dumfries,GBR
Scarborough,GBR
Plymouth,GBR
Ipswich,GBR
Norwich,GBR
Brighton,GBR
Kirkwall,GBR
Inverness,GBR
Oxford,GBR
Luton,GBR
Portsmouth,GBR
Peterborough,GBR
Nottingham,GBR
Stoke,GBR
Dover,GBR
Edinburgh,GBR
Newcastle,GBR
Liverpool,GBR
Cardiff,GBR
Wick,GBR
Leeds,GBR
Lerwick,GBR
Manchester,GBR
Birmingham,GBR
Belfast,GBR
Glasgow,GBR
London,GBR
Faribault,USA
Mankato,USA
Albert Lea,USA
Willmar,USA
Brainerd,USA
Crookston,USA
Hardin,USA
Glendive,USA
Dillon,USA
Polson,USA
Devils Lake,USA
Burley,USA
Wallace,USA
Kennewick,USA
Centralia,USA
Glendale,USA
Safford,USA
Casa Grande,USA
Mesa,USA
Lake Havasu City,USA
Berkeley,USA
National City,USA
Mendocino,USA
Paso Robles,USA
Riverside,USA
Delano,USA
San Mateo,USA
Vallejo,USA
Glenwood Springs,USA
Aurora,USA
Greeley,USA
Tonopah,USA
Deming,USA
Truth or Consequences,USA
Farmington,USA
Springfield,USA
Tillamook,USA
Ontario,USA
La Grande,USA
Richfield,USA
Nephi,USA
Lander,USA
Powell,USA
Paragould,USA
Iowa City,USA
Ottumwa,USA
Spencer,USA
Ft. Dodge,USA
Hutchinson,USA
Kansas City,USA
Lawrence,USA
Garden City,USA
Manhattan,USA
Hays,USA
Goodland,USA
Independence,USA
Kirksville,USA
Kearney,USA
Grand Island,USA
Alliance,USA
Bartlesville,USA
Enid,USA
Ardmore,USA
McAlester,USA
Stillwater,USA
Lead,USA
Slidell,USA
Lake Charles,USA
Metairie,USA
New Iberia,USA
Bryan,USA
San Marcos,USA
Longview,USA
McAllen,USA
Harlingen,USA
Alice,USA
New Braunfels,USA
Cleburne,USA
Brownwood,USA
Alpine,USA
Van Horn,USA
Big Spring,USA
Vernon,USA
Childress,USA
Hereford,USA
Dalhart,USA
Texas City,USA
Pasadena,USA
Baytown,USA
Grand Prairie,USA
New London,USA
Stamford,USA
Waterbury,USA
New Bedford,USA
Springfield,USA
Salem,USA
Pittsfield,USA
Montpelier,USA
Auburn,USA
Florence,USA
Winter Haven,USA
Homestead,USA
Sanford,USA
Miami Beach,USA
Coral Springs,USA
Port Charlotte,USA
Spring Hill,USA
Palm Coast,USA
Palatka,USA
Leesburg,USA
Lake City,USA
Crestview,USA
Panama City,USA
Dalton,USA
Marietta,USA
Waycross,USA
La Grange,USA
Southaven,USA
Meridian,USA
Laurel,USA
Spartanburg,USA
Orangeburg,USA
Galesburg,USA
Joliet,USA
Cape Girardeau,USA
Rockford,USA
Evanston,USA
Rock Island,USA
Elgin,USA
Richmond,USA
Terre Haute,USA
Lafayette,USA
Marion,USA
South Bend,USA
New Albany,USA
Elkhart,USA
Hopkinsville,USA
Madisonville,USA
Rocky Mount,USA
Salisbury,USA
Durham,USA
Lumberton,USA
Zanesville,USA
Mansfield,USA
Bowling Green,USA
Springfield,USA
Lancaster,USA
Johnson City,USA
Kingsport,USA
Columbia,USA
Barlett,USA
Blacksburg,USA
Harrisonburg,USA
Petersburg,USA
Hampton,USA
Sheboygan,USA
Waukesha,USA
La Crosse,USA
Eau Claire,USA
Tomah,USA
Janesville,USA
Appleton,USA
Parkersburg,USA
White Sulphur Springs,USA
Clarksburg,USA
Dover,USA
St. Charles,USA
Annapolis,USA
Hagerstown,USA
Paterson,USA
Saratoga Springs,USA
Poughkeepsie,USA
Plattsburg,USA
Beaver Falls,USA
Altoona,USA
Williamsport,USA
Lancaster,USA
Allentown,USA
Waterville,USA
Calais,USA
Houlton,USA
Benton Harbor,USA
Battle Creek,USA
Bay City,USA
Alpena,USA
Iron Mountain,USA
Ironwood,USA
Sand Point,USA
Hydaburg,USA
Mekoryuk,USA
Atqasuk,USA
Port Heiden,USA
Perryville,USA
Dillingham,USA
Goodnews Bay,USA
Nyac,USA
Tununak,USA
Mountain Village,USA
Emmonak,USA
Kaltag,USA
Teller,USA
Koyukuk,USA
Kobuk,USA
Selawik,USA
Talkeetna,USA
Whittier,USA
Montana,USA
Lake Minchumina,USA
Cantwell,USA
Gulkana,USA
Eagle,USA
Nenana,USA
Big Delta,USA
Allakaket,USA
Tanana,USA
Virginia,USA
Winona,USA
Rochester,USA
Lakeville,USA
Ely,USA
Moorhead,USA
St. Cloud,USA
Miles City,USA
Bozeman,USA
Glasgow,USA
Dickinson,USA
Jamestown,USA
Williston,USA
Lihue,USA
Wahiawa,USA
Wailuku,USA
Montpelier,USA
Twin Falls,USA
Caldwell,USA
Salmon,USA
Coeur d'Alene,USA
Richland,USA
Bellingham,USA
Longview,USA
Walla Walla,USA
Aberdeen,USA
Bremerton,USA
Everett,USA
Bullhead City,USA
Winslow,USA
Gila Bend,USA
Tombstone,USA
Willcox,USA
Scottsdale,USA
Kingman,USA
Grand Canyon,USA
Arcata,USA
Stockton,USA
Barstow,USA
Victoriaville,USA
Pasadena,USA
Visalia,USA
El Centro,USA
San Luis Obispo,USA
Merced,USA
Yuba City,USA
Redding,USA
Santa Rosa,USA
Oceanside,USA
Modesto,USA
Irvine,USA
Ukiah,USA
Needles,USA
Bishop,USA
Palm Springs,USA
Santa Maria,USA
Tulare,USA
Mt. Shasta,USA
Crescent City,USA
Fort Collins,USA
Pueblo,USA
Lamar,USA
Trinidad,USA
Gunnison,USA
Durango,USA
Montrose,USA
Craig,USA
Boulder,USA
Boulder City,USA
Winnemucca,USA
Roswell,USA
Clovis,USA
Las Cruces,USA
Hobbs,USA
Socorro,USA
Gallup,USA
Raton,USA
Tucumcari,USA
Roseburg,USA
Pendleton,USA
John Day,USA
Grants Pass,USA
Corvallis,USA
Albany,USA
Astoria,USA
Logan,USA
Parowan,USA
Kanab,USA
Monticello,USA
Moab,USA
Price,USA
Cedar City,USA
Vernal,USA
Ogden,USA
Green River,USA
Rawlins,USA
Douglas,USA
Riverton,USA
Thermopolis,USA
Gillette,USA
Jonesboro,USA
Texarkana,USA
Pine Bluff,USA
Hot Springs,USA
Fort Smith,USA
Fayetteville,USA
Conway,USA
El Dorado,USA
Davenport,USA
Burlington,USA
Dubuque,USA
Waterloo,USA
Sioux City,USA
Council Bluffs,USA
Ames,USA
Mason City,USA
Emporia,USA
Salina,USA
Dodge City,USA
Coffeyville,USA
St. Charles,USA
Poplar Bluff,USA
Joplin,USA
Columbia,USA
St. Joseph,USA
McCook,USA
Norfolk,USA
North Platte,USA
Sidney,USA
Scottsbluff,USA
Chadron,USA
Lawton,USA
Norman,USA
Muskogee,USA
Ponca City,USA
Shawnee,USA
Woodward,USA
Guymon,USA
Yankton,USA
Brookings,USA
Mitchell,USA
Aberdeen,USA
Mobridge,USA
Houma,USA
Monroe,USA
Conroe,USA
Nacogdoches,USA
Eagle Pass,USA
Edinburg,USA
Kingsville,USA
Port Arthur,USA
Huntsville,USA
Killeen,USA
Lufkin,USA
Del Rio,USA
San Angelo,USA
Sherman,USA
Beaumont,USA
Bay City,USA
Port Lavaca,USA
Falfurrias,USA
Beeville,USA
Fort Stockton,USA
Pecos,USA
Dumas,USA
Denton,USA
Midland,USA
Temple,USA
New Haven,USA
Lowell,USA
Worcester,USA
Manchester,USA
Newport,USA
Dothan,USA
Tuscaloosa,USA
Gadsden,USA
Enterprise,USA
Selma,USA
Coral Gables,USA
Cape Coral,USA
Naples,USA
Fort Pierce,USA
Kissimmee,USA
Titusville,USA
St. Augustine,USA
Ocala,USA
Fort Lauderdale,USA
Apalachicola,USA
Vero Beach,USA
Valdosta,USA
Albany,USA
Athens,USA
Macon,USA
Columbus,USA
Douglas,USA
Dublin,USA
Gulfport,USA
Hattiesburg,USA
Tupelo,USA
Greenville,USA
Natchez,USA
Florence,USA
Greenville,USA
Sumter,USA
Anderson,USA
Aiken,USA
Beaufort,USA
Rock Hill,USA
Decatur,USA
Alton,USA
Quincy,USA
Urbana,USA
Bloomington,USA
Kankakee,USA
Waukegan,USA
Aurora,USA
Carbondale,USA
Belleville,USA
Bloomington,USA
Muncie,USA
Kokomo,USA
Gary,USA
Fort Wayne,USA
Covington,USA
Bowling Green,USA
Paducah,USA
Owensboro,USA
Jacksonville,USA
Goldsboro,USA
Greenville,USA
Fayetteville,USA
Hickory,USA
Asheville,USA
Winston-Salem,USA
Kitty Hawk,USA
Akron,USA
Lima,USA
Oak Ridge,USA
Murfreesboro,USA
Clarksville,USA
Jackson,USA
Alexandria,USA
Fredericksburg,USA
Roanoke,USA
Danville,USA
Winchester,USA
Bristol,USA
Superior,USA
West Bend,USA
Fond du Lac,USA
Oshkosh,USA
Rhinelander,USA
Racine,USA
Marinette,USA
Wheeling,USA
Morgantown,USA
Huntington,USA
Beckley,USA
Wilmington,USA
Cumberland,USA
Atlantic City,USA
Newark,USA
Schenectady,USA
Binghamton,USA
Utica,USA
Watertown,USA
Niagara Falls,USA
Jamestown,USA
Elmira,USA
York,USA
Johnstown,USA
Scranton,USA
State College,USA
Erie,USA
Wilkes Barre,USA
Bar Harbor,USA
Lewiston,USA
Presque Isle,USA
Ann Arbor,USA
Kalamazoo,USA
Muskegon,USA
Flint,USA
Grand Rapids,USA
Pontiac,USA
Cadillac,USA
Traverse City,USA
Petoskey,USA
Escanaba,USA
Marquette,USA
Hancock,USA
Wrangell,USA
Shishmaref,USA
Hoonah,USA
Atka,USA
Nikolski,USA
Karluk,USA
False Pass,USA
Kivalina,USA
Newhalen,USA
Pilot Point,USA
Chignik,USA
King Salmon,USA
Quinhagak,USA
Aniak,USA
Kotlit,USA
Unalakleet,USA
Koyuk,USA
McGrath,USA
Hughes,USA
Ambler,USA
Wales,USA
Kotzebue,USA
Wasilla,USA
Circle,USA
Denali Park,USA
Yakutat,USA
Homer,USA
Tanacross,USA
Wiseman,USA
Kailua-Kona,USA
Butte,USA
Grand Forks,USA
Pocatello,USA
Tacoma,USA
Yuma,USA
Prescott,USA
Long Beach,USA
Grand Junction,USA
Ely,USA
Carson City,USA
Carlsbad,USA
Alamogordo,USA
Medford,USA
Klamath Falls,USA
St. George,USA
Provo,USA
Laramie,USA
Little Rock,USA
Wichita,USA
Jefferson City,USA
Rapid City,USA
Lafayette,USA
Galveston,USA
Freeport,USA
Victoria,USA
Odessa,USA
Wichita Falls,USA
Waco,USA
Lubbock,USA
Hartford,USA
Providence,USA
Birmingham,USA
Mobile,USA
Pensacola,USA
Biloxi,USA
Springfield,USA
Frankfort,USA
Greensboro,USA
Dayton,USA
Virginia Beach,USA
Madison,USA
Green Bay,USA
Trenton,USA
Lansing,USA
Gambell,USA
Palmer,USA
Seward,USA
Duluth,USA
Bemidji,USA
Havre,USA
Kalispell,USA
Idaho Falls,USA
Lewiston,USA
Yakima,USA
Wenatchee,USA
Douglas,USA
Bakersfield,USA
Oakland,USA
Lancaster,USA
Chico,USA
Monterey,USA
Salinas,USA
Los Alamos,USA
Eugene,USA
Coos Bay,USA
Bend,USA
Cody,USA
Cedar Rapids,USA
Springfield,USA
Lincoln,USA
Alexandria,USA
Abilene,USA
Brownsville,USA
Tyler,USA
Concord,USA
Huntsville,USA
Key West,USA
West Palm Beach,USA
Sarasota,USA
Daytona Beach,USA
Gainesville,USA
Ft. Myers,USA
Brunswick,USA
Augusta,USA
Vicksburg,USA
Myrtle Beach,USA
Charleston,USA
Peoria,USA
Evansville,USA
Louisville,USA
Lexington,USA
Charlotte,USA
Youngstown,USA
Canton,USA
Toledo,USA
Columbus,USA
Chattanooga,USA
Charlottesville,USA
Lynchburg,USA
Wausau,USA
Albany,USA
Ithaca,USA
Harrisburg,USA
Bangor,USA
Portland,USA
Saginaw,USA
Ketchikan,USA
Unalaska,USA
Togiak,USA
Red Devil,USA
Hooper Bay,USA
Wainwright,USA
Galena,USA
Kaktovik,USA
Skagway,USA
Cordova,USA
Kenai,USA
Fort Yukon,USA
Santa Cruz,USA
San Bernardino,USA
Bridgeport,USA
Rochester,USA
International Falls,USA
St. Paul,USA
Billings,USA
Great Falls,USA
Missoula,USA
Minot,USA
Fargo,USA
Hilo,USA
Olympia,USA
Spokane,USA
Vancouver,USA
Flagstaff,USA
Tucson,USA
Santa Barbara,USA
Fresno,USA
Eureka,USA
Colorado Springs,USA
Reno,USA
Elko,USA
Albuquerque,USA
Salem,USA
Casper,USA
Topeka,USA
Kansas City,USA
Tulsa,USA
Sioux Falls,USA
Shreveport,USA
Baton Rouge,USA
Ft. Worth,USA
Corpus Christi,USA
Austin,USA
Amarillo,USA
El Paso,USA
Laredo,USA
Burlington,USA
Montgomery,USA
Tallahassee,USA
Orlando,USA
Jacksonville,USA
Savannah,USA
Columbia,USA
Indianapolis,USA
Wilmington,USA
Knoxville,USA
Richmond,USA
Charleston,USA
Baltimore,USA
Syracuse,USA
Augusta,USA
Sault Ste. Marie,USA
Sitka,USA
Helena,USA
Bismarck,USA
Boise,USA
San Jose,USA
Sacramento,USA
Las Vegas,USA
Santa Fe,USA
Portland,USA
Salt Lake City,USA
Cheyenne,USA
Des Moines,USA
Omaha,USA
Oklahoma City,USA
Pierre,USA
San Antonio,USA
Jackson,USA
Raleigh,USA
Cleveland,USA
Cincinnati,USA
Nashville,USA
Memphis,USA
Norfolk,USA
Milwaukee,USA
Buffalo,USA
Pittsburgh,USA
Kodiak,USA
Cold Bay,USA
Bethel,USA
Point Hope,USA
Barrow,USA
Nome,USA
Valdez,USA
Juneau,USA
Fairbanks,USA
Prudhoe Bay,USA
Minneapolis,USA
Honolulu,USA
Seattle,USA
Phoenix,USA
San Diego,USA
St. Louis,USA
New Orleans,USA
Dallas,USA
Boston,USA
Tampa,USA
Philadelphia,USA
Detroit,USA
Anchorage,USA
San Francisco,USA
Denver,USA
Houston,USA
Miami,USA
Atlanta,USA
Chicago,USA
Los Angeles,USA
Washington D.C.,USA
New York,USA
Christiansted,VIR
Colonia del Sacramento,URY
Trinidad,URY
Fray Bentos,URY
Canelones,URY
Florida,URY
Artigas,URY
Baltasar Brum,URY
Tranqueras,URY
Tacuarembo,URY
Paso de los Toros,URY
Vergara,URY
Treinta y Tres,URY
Santa Lucia,URY
Jose Batlle y Ordonez,URY
Minas,URY
Maldonado,URY
Punta del Este,URY
Aigua,URY
La Paloma,URY
Carmelo,URY
Bella Union,URY
Mercedes,URY
Melo,URY
Rivera,URY
Lascano,URY
Castillos,URY
San Jose de Mayo,URY
Rocha,URY
Paysandu,URY
Salto,URY
Durazno,URY
Montevideo,URY
Khujayli,UZB
Urgut,UZB
Kattaqorgon,UZB
Denow,UZB
Guliston,UZB
Iskandar,UZB
Chirchiq,UZB
Kogon,UZB
Khiwa,UZB
Chimboy,UZB
Qunghirot,UZB
Zarafshon,UZB
Navoi,UZB
Shahrisabz,UZB
Qarshi,UZB
Qoqon,UZB
Jizzax,UZB
Angren,UZB
Olmaliq,UZB
Muynoq,UZB
Termiz,UZB
Fargona,UZB
Namangan,UZB
Urgentch,UZB
Bukhara,UZB
Nukus,UZB
Andijon,UZB
Samarqand,UZB
Tashkent,UZB
Luganville,VUT
Port-Vila,VUT
Vatican City,VAT
San Carlos,VEN
San Felipe,VEN
San Juan De Los Morros,VEN
La Asuncion,VEN
Guasdualito,VEN
Barinas,VEN
Valera,VEN
Cabimas,VEN
Carora,VEN
Guanare,VEN
Puerto la Cruz,VEN
Anaco,VEN
Los Teques,VEN
Valle de la Pascua,VEN
Ocumare del Tuy,VEN
Carupano,VEN
Trujillo,VEN
Santa Rita,VEN
Machiques,VEN
San Carlos del Zulia,VEN
Puerto Cabello,VEN
Acarigua,VEN
Upata,VEN
El Manteco,VEN
Chaguaramas,VEN
El Tigre,VEN
Maiquetia,VEN
Calabozo,VEN
Zaraza,VEN
Altagracia de Orituco,VEN
Tucupita,VEN
Porlamar,VEN
San Fernando de Apure,VEN
Barquisimeto,VEN
Maturin,VEN
Cumana,VEN
Coro,VEN
Punto Fijo,VEN
La Esmeralda,VEN
Ciudad Bolivar,VEN
El Dorado,VEN
Maracay,VEN
Merida,VEN
Puerto Ayacucho,VEN
San Cristobal,VEN
Ciudad Guayana,VEN
Maracaibo,VEN
Caracas,VEN
Tay Ninh,VNM
Luan Chau,VNM
Bac Kan,VNM
Lang Son,VNM
Son La,VNM
Tuyen Quang,VNM
Yen Bai,VNM
Hai Duong,VNM
Thai Binh,VNM
Tuy Hoa,VNM
Thu Dau Mot,VNM
Dong Ha,VNM
Cao Lanh,VNM
Truc Giang,VNM
Tra Vinh,VNM
Vinh Long,VNM
Cao Bang,VNM
Hong Gai,VNM
Cam Pha,VNM
Lao Chi,VNM
Hoa Binh,VNM
Son Tay,VNM
Ninh Binh,VNM
Viet Tri,VNM
Bac Giang,VNM
Ha Tinh,VNM
Buon Me Thuot,VNM
Da Lat,VNM
Phan Rang,VNM
Hon Quan,VNM
Kon Tum,VNM
Quang Ngai,VNM
Quang Tri,VNM
Vung Tau,VNM
Phan Thiet,VNM
Long Xuyen,VNM
Chau Doc,VNM
Rach Gia,VNM
Tan An,VNM
My Tho,VNM
Bac Lieu,VNM
Ca Mau,VNM
Soc Trang,VNM
Ha Giang,VNM
Thai Nguyen,VNM
Thanh Hoa,VNM
Nam Dinh,VNM
Vinh,VNM
Dong Hoi,VNM
Play Ku,VNM
Nha Trang,VNM
Cam Ranh,VNM
Qui Nhon,VNM
Hue,VNM
Bien Hoa,VNM
Can Tho,VNM
Haiphong,VNM
Da Nang,VNM
Hanoi,VNM
Ho Chi Minh City,VNM
Bir Lehlou,SAH
Al Bayda,YEM
'Ataq,YEM
Marib,YEM
Dhamar,YEM
Ibb,YEM
Ash Shihr,YEM
Zabid,YEM
Hajjah,YEM
Lahij,YEM
Al Ghaydah,YEM
Rida,YEM
Hadiboh,YEM
Saywun,YEM
Sadah,YEM
Al Hudaydah,YEM
Sayhut,YEM
Al Mukalla,YEM
Taizz,YEM
Aden,YEM
Sanaa,YEM
Kawambwa,ZMB
Nchelenge,ZMB
Chinsali,ZMB
Kasama,ZMB
Kapiri Mposhi,ZMB
Mumbwa,ZMB
Chingola,ZMB
Chililabombwe,ZMB
Nyimba,ZMB
Lundazi,ZMB
Chipata,ZMB
Mwinilunga,ZMB
Kasempa,ZMB
Solwezi,ZMB
Choma,ZMB
Mongu,ZMB
Kaoma,ZMB
Sesheke,ZMB
Lukulu,ZMB
Kalabo,ZMB
Senanga,ZMB
Mansa,ZMB
Mpika,ZMB
Mbala,ZMB
Luanshya,ZMB
Ndola,ZMB
Zambezi,ZMB
Kafue,ZMB
Mazabuka,ZMB
Kabwe,ZMB
Mufulira,ZMB
Kitwe,ZMB
Livingstone,ZMB
Lusaka,ZMB
Mazowe,ZWE
Shamva,ZWE
Victoria Falls,ZWE
Zvishavane,ZWE
Kwekwe,ZWE
Plumtree,ZWE
Beitbridge,ZWE
Gwanda,ZWE
Chiredzi,ZWE
Masvingo,ZWE
Karoi,ZWE
Chinhoyi,ZWE
Kariba,ZWE
Hwange,ZWE
Gweru,ZWE
Mutare,ZWE
Kadoma,ZWE
Chitungwiza,ZWE
Harare,ZWE
Bulawayo,ZWE
Costa do Sauipe,BRA
Delray Beach,USA
Indian Wells,USA
Estoril,PRT
Monte Carlo,MCO
Portschach,AUT
Halle,DEU
Queens Club,GBR
Bastad,SWE
Gstaad,CHE
Amersfoort,NLD
Kitzbuhel,AUT
Umag,HRV
Washington,USA
Eastbourne,GBR
Oeiras,PRT
Los Cabos,MEX
