name,nationality
Mathieu P.H.,FRA
Benneteau J.,FRA
Korolev E.,KAZ
Jones A.,AUS
Guccione C.,AUS
Odesnik W.,USA
Nieminen J.,FIN
Klec I.,SVK
Tsonga J.W.,FRA
Hanescu V.,ROU
Spadea V.,USA
Grosjean S.,FRA
Acasuso J.,ARG
Falla A.,COL
Hewitt L.,AUS
Sela D.,ISR
Dancevic F.,CAN
Bolelli S.,ITA
Gulbis E.,LAT
Golubev A.,KAZ
Sirianni J.,AUS
Querrey S.,USA
Becker B.,GER
Russell M.,USA
Llodra M.,FRA
Zverev M.,GER
Eschauer W.,AUT
Salva B.,ESP
Vliegen K.,BEL
Gicquel M.,FRA
Haase R.,NED
Baghdatis M.,CYP
Garcia-Lopez G.
Peya A.,AUT
Zovko L.,CRO
Ascione T.,FRA
Nadal R.,ESP
Montcourt M.,FRA
Ram R.,USA
Schukin Y.,KAZ
Mahut N.,FRA
Moya C.,ESP
Gabashvili T.,RUS
Cilic M.,CRO
Troicki V.,SRB
Kudryavtsev A.,RUS
Amritraj P.,IND
Youzhny M.,RUS
Roger-Vasselin E.
Serra F.,FRA
Malisse X.,BEL
Melzer J.,AUT
Murray A.,GBR
Rochus O.,BEL
Schuettler R.,GER
Pavel A.,ROU
Tipsarevic J.,SRB
Ventura S.,ESP
Calleri A.,ARG
Robredo T.,ESP
Wawrinka S.,SUI
Martin A.,ESP
Davydenko N.,RUS
Dorsch B.,GER
Kiefer N.,GER
de Chaunac S.,FRA
Rochus C.,BEL
Karlovic I.,CRO
Tursunov D.,RUS
Montanes A.,ESP
Johansson T.,SWE
Berrer M.,GER
Kohlschreiber P.,GER
Volandri F.,ITA
Ljubicic I.,CRO
Lee H.T.,KOR
Santoro F.,FRA
Almagro N.,ESP
Chela J.I.,ARG
King-Turner D.
Mayer F.,GER
Statham R.
Massu N.,CHI
Jones G.D.
Roitman S.,ARG
Rosol L.,CZE
Cakl T.,CZE
Ferrero J.C.,ESP
Levine J.,CAN
Ferrer D.,ESP
Hernandez O.,ESP
Monaco J.,ARG
Luczak P.,AUS
Berdych T.,CZE
Verdasco F.,ESP
Lopez F.,ESP
Jones G.,AUS
Blake J.,USA
Simon G.,FRA
Fish M.,USA
Gasquet R.,FRA
Andreev I.,RUS
Seppi A.,ITA
Stepanek R.,CZE
Darcis S.,BEL
Minar I.,CZE
Koubek S.,AUT
Baker J.,GBR
Capdeville P.,CHI
Klein B.,AUS
Clement A.,FRA
Pashanski B.,SRB
Vassallo-Arguello M.
Lu Y.H.,TPE
Reynolds B.,USA
Slanar M.,AUT
Roddick A.,USA
Dlouhy L.,CZE
Patience O.,FRA
Young D.,USA
Anderson K.,RSA
Levy H.,ISR
Warburg S.,USA
Brzezicki J.P.,ARG
Lindahl N.,AUS
Horna L.,PER
Karanusic R.,CRO
Granollers M.,ESP
Djokovic N.,SRB
Delic A.,BIH
Kendrick R.,USA
Berlocq C.,ARG
Ram A.,ISR
Nalbandian D.,ARG
Smeets R.,AUS
Istomin D.,UZB
Lacko L.,SVK
Gremelmayr D.,GER
Safin M.,RUS
Vanek J.,CZE
Zabaleta M.,ARG
Fognini F.,ITA
Isner J.,USA
Del Potro J.M.,ARG
Gonzalez F.,CHI
Economidis K.,GRE
Federer R.,SUI
Hartfield D.,ARG
Gaudio G.,ARG
Cuevas P.,URU
Coria G.,ARG
Lapentti N.,ECU
Gimeno-Traver D.
Schwank E.,ARG
Podlipnik H.,CHI
Devilder N.,FRA
Marrero D.,ESP
Garcia A.,CHI
Bellucci T.,BRA
Aldi F.,ITA
Starace P.,ITA
Munoz de la Nava D.,ESP
Daniel M.,BRA
Decoud S.,ARG
Kuerten G.,BRA
Ginepri R.,USA
Navarro-Pastor I.
Bowles C.,USA
Haas T.,GER
Bogomolov A.,RUS
Kunitsyn I.,RUS
Muller G.,LUX
Crugnola M.,ITA
Mirnyi M.,BLR
Gregorc L.,SLO
Nishikori K.,JPN
Soderling R.,SWE
Elgin M.,RUS
Huta Galung J.,NED
Guez D.,FRA
Ancic M.,CRO
Dodig I.,CRO
Gonzalez M.,ARG
Prodon E.,FRA
Ramirez-Hidalgo R.
Bachinger M.,GER
Sluiter R.,NED
Hernych J.,CZE
Witten J.,USA
Smyczek T.,USA
Rodriguez B.,MEX
Canas G.,ARG
Echagaray B.,MEX
Ramirez C.,MEX
Bjorkman J.,SWE
Niemeyer F.,CAN
Skugor F.,CRO
Kavcic B.,SLO
de Voest R.,RSA
Bastl G.,SUI
Stakhovsky S.,UKR
Cervenak P.,SVK
Minar J.,CZE
Al-Ghareeb M.
Monfils G.,FRA
Ledovskikh M.,RUS
Nader M.,UAE
Giraldo S.,COL
Vemic D.,SRB
Hrbaty D.,SVK
Sweeting R.,USA
Gil F.,POR
Sousa J.,POR
Marach O.,AUT
Elias G.,POR
Naso G.,ITA
Machado R.,POR
Petzschner P.,GER
Cipolla F.,ITA
Vicente F.,ESP
Armando H.,USA
Harrison R.,USA
Lopez-Jaen M.A.
Andujar P.,ESP
Lisnard J.R.,MON
Trujillo G.,ESP
Lopez M.,ESP
Sanchez De Luna J.,ESP
Kukushkin M.,KAZ
Marrai M.,ITA
Brands D.,GER
Del Potro J.
Silva J.,BRA
Eitzinger R.,AUT
El Aynaoui Y.,MAR
Sidorenko A.,FRA
Fabbiano T.,ITA
Beck A.,GER
Jun W.S.,KOR
Polansky P.,CAN
Ouahab L.,ALG
Verkerk M.,NED
Hajek J.,CZE
Vagnozzi S.,ITA
Przysiezny M.,POL
Chardy J.,FRA
Ouanna J.,FRA
Eysseric J.,FRA
Greul S.,GER
Crivoi V.,ROU
Jenkins S.,USA
Junqueira D.,ARG
Mannarino A.,FRA
Phau B.,GER
Vacek J.,CZE
Lipsky S.,USA
Goodall J.,GBR
Ward J.,GBR
Bogdanovic A.,GBR
De Voest R.
Evans D.,GBR
Bloomfield R.,GBR
Olejniczak D.,POL
Berankis R.,LTU
Mertinak M.,SVK
Skoch D.,CZE
Janowicz J.,POL
Dimitrov G.,BUL
Middelkoop M.,NED
Dell'Acqua M.
Bopanna R.,IND
Groth S.,AUS
Nielsen F.,DEN
Slabinsky A.,GBR
Kim K,USA
Dabul B.,ARG
Kamke T.,GER
Stadler S.,GER
Bozoljac I.,SRB
Snobel P.,CZE
Van der Merwe I.,RSA
Galvani S.,ITA
Eaton C.,GBR
Rehnquist B.,SWE
Ryderstedt M.,SWE
Goransson T.,SWE
Prpic F.,SWE
Koellerer D.,AUT
Eleskovic E.,SWE
Lammer M.,SUI
Meffert D.,GER
Bohli S.,SUI
Roshardt R.,SUI
Kim K.,BEL
Pless K.,DEN
Evans B.,USA
Qureshi A.U.H.,PAK
Dent T.,USA
Fischer M.,AUT
Brizzi A.,ITA
De Bakker T.,NED
Cruciat A.,ROU
Sijsling I.,NED
Matsukevitch D.,RUS
O'Neal J.
Soeda G.,JPN
Oswald P.,AUT
Mayer L.,ARG
Veic A.,CRO
Piccari F.,ITA
Belic L.,CRO
Yani M.,USA
Stoppini A.,ITA
Estrella V.,DOM
Fleishman Z.,USA
Devvarman S.,IND
Ignatik U.,BLR
Delgado R.,PAR
De Heart R.,USA
Ball C.,AUS
Recouderc L.,FRA
Zib T.,CZE
Alves T.,BRA
Krajicek A.,USA
Udomchoke D.,THA
Djokovic M.,SRB
Nam H.W.,KOR
Xu J.C.,CHN
Scherrer J.C.,SUI
Sun P.,CHN
Bai Y.,CHN
Jouan R.,FRA
Suzuki T.,JPN
Sugita Y.,JPN
Iwabuchi S.,JPN
Kondo H.,JPN
Ito Y.,JPN
Mamiit C.,PHI
Ito T.,JPN
Donskoy E.,RUS
Okun N.,ISR
Johansson J.,SWE
Chiudinelli M.,SUI
Lejnieks K.,LAT
Tomic B.,AUS
Hajji A.,QAT
Beck K.,SVK
Statham J.,NZL
Ebelthite C.,AUS
De Chaunac S.
Kindlmann D.,GER
Klaasen R.,RSA
Anderson A.,RSA
Hutchins R.,GBR
Mektic N.,CRO
Saretta F.,BRA
Hocevar R.,BRA
Silva D.,BRA
Zampieri C.,BRA
Kubot L.,POL
Poerschke L.,GER
Mello R.,BRA
Widom T.,USA
Lapentti G.,ECU
Munoz de La Nava D.
Ferreiro F.,BRA
Marchenko I.,UKR
Gonzalez S.,MEX
King E.,USA
Al Ghareeb M.
Bhambri Y.,IND
Ziadi M.,MAR
El Amrani R.,MAR
Chaki R.,MAR
Riba-Madrid P.
Krajinovic F.,SRB
Zlatanovic A.,SRB
Kloer S.,GER
Vik R.,CZE
Rufin G.,FRA
Fleming C.,GBR
Norman D.,BEL
Berta D.,SWE
Zemlja G.,SLO
Ghedin R.,ITA
Zeballos H.,ARG
Vinciguerra A.,SWE
Munoz-De La Nava D.
Riba P.,ESP
Krawietz K.,GER
Britton D.,USA
Dustov F.,UZB
Del Bonis F.,ARG
Klizan M.,SVK
Agostinelli B.,CAN
Raonic M.,CAN
Ilhan M.,TUR
Buchanan C.,USA
Luncanu P.A.,ROU
Copil M.,ROU
Valent R.,SUI
Wachiramanowong K.,THA
Zeng S.X.,CHN
Gong M.X.,CHN
Biryukov M.,RUS
Kuznetsov A.,RUS
Kontinen H.,FIN
Haehnel J.,FRA
Lorenzi P.,ITA
Millot V.,FRA
Vovk S.,RUS
Dolgopolov O.
Haider-Maurer A.
Bautista R.,ESP
Millman J.,AUS
Ebden M.,AUS
Reister J.,GER
Yang T.H.,TPE
Robert S.,FRA
Sorensen L.,IRL
Maamoun K.,EGY
Lemke J.,AUS
Cervantes I.,ESP
Matosevic M.,AUS
Kubler J.,AUS
Sergeyev I.,UKR
Brown D.,GER
Balleret B.,MON
Wolmarans F.,RSA
Van Der Merwe I.
Aguilar J.,CHI
Aranguren J.M.,ARG
Souza J.,BRA
Saavedra Corvalan C.,CHI
Jelenic P.,CRO
Bemelmans R.,BEL
Dutra Silva R.,BRA
Im K.T.,KOR
Deheart R.
Mertens Y.,BEL
Niland C.,IRL
Ramos-Vinolas A.
Lajovic D.,SRB
Di Mauro A.,ITA
Tavares L.,POR
Gojowczyk P.,GER
Mina G.,FRA
Paire B.,FRA
Emmrich M.,GER
Junaid R.,AUS
Alcaide G.,ESP
Kudla D.,USA
Bubka S.,UKR
Dasnieres de Veigy J.,FRA
Lindell C.,SWE
Knittel B.,GER
Sadecky A.,SUI
Marti Y.,SUI
Velotti A.,ARG
Johnson S.,USA
Melzer G.,AUT
Duclos P.L.,CAN
Bester P.,CAN
Lojda D.,CZE
Klahn B.,USA
Sock J.,USA
Ungur A.,ROU
Kravchuk K.,RUS
Si Y.M.,MAS
Cermak F.,CZE
Zhang Z.,CHN
Wu D.,CHN
Belyaev I.,RUS
Schoorel T.,NED
Muster T.,AUT
Marti J.,ESP
Goffin D.,BEL
Sabry S.,EGY
Venus M.,NZL
Scholtz N.,RSA
Rios F.,CHI
Bagnis F.,ARG
Pospisil J.,CZE
Romboli F.,BRA
Clezar G.,BRA
Ghem A.,BRA
Kuznetsov Al.
Farah R.,COL
Borvanov R.,MDA
Galdon P.,ARG
Kumantsov A.,RUS
Garza D.,MEX
Sanchez M.,MEX
Awadhy O.,UAE
Granollers Pujol G.
Kuznetsov An.
Gutierrez-Ferrol S.
Ramos A.,ESP
Carreno-Busta P.
Granollers-Pujol G.
Sousa P.,POR
Teixeira M.,FRA
Gensse A.,FRA
Stebe C.M.,GER
Cox D.,GBR
Golding O.,GBR
Kirillov E.,RUS
Walter L.,FRA
De Schepper K.,FRA
Wang J.,TPE
Olaso G.,ESP
Kern R.,GER
Simmonds P.,USA
Kosakowski D.,USA
Grigelis L.,LTU
Pavic M.,CRO
Delic M.,CRO
Thiem D.,AUT
Sitak A.,NZL
Chvojka E.,CAN
Pospisil V.,CAN
Jaziri M.,TUN
Dutra Da Silva R.
Giannessi A.,ITA
Torebko P.,GER
Rodrigues M.,FRA
Renavand N.,FRA
Li Z.,CHN
Zopp J.,EST
Rieschick S.,GER
Nedelko I.,RUS
Bedene A.,SLO
Duckworth J.,AUS
Mitchell B.,AUS
Vardhan V.,IND
Al Mutawa J.,QAT
Viola Mat.
Van D. Merwe I.
Mesaros K.,CRO
Marcan D.,CRO
Kutrovsky D.,BUL
Lajola D.,USA
Strode B.,USA
Molteni A.,ARG
Olivetti A.,FRA
Cabal J.S.,COL
Williams R.,USA
Delbonis F.
Idmbarek Y.,MAR
Brugues-Davi A.
Moraru G.,ROU
Balazs A.,HUN
Gomez-Herrera C.
Baker B.,USA
Broady L.,GBR
Fucsovics M.,HUN
Menendez-Maceiras A.
Trungelliti M.,ARG
Trusendi W.,ITA
Fraile G.,ESP
Viola M.,ITA
Ehrat S.,SUI
Laaksonen H.,SUI
Meister N.,USA
Mcclune M.,USA
Andreozzi G.,ARG
Moriya H.,JPN
Pella G.,ARG
Authom M.,BEL
Novikov D.,USA
Reix C.,FRA
Vasilevski A.,BLR
Betov S.,BLR
Fidirko N.,BLR
Siriluethaiwattana P.,THA
Deen Heshaam A.,MAS
Knowle J.,AUT
Davydenko P.,RUS
Inglot D.,GBR
Singh S.,IND
Rosenholm P.,SWE
Stebe C-M.
Safwat M.,EGY
Ali Mutawa J.M.
Zayed M. S.
Smith J.P.,AUS
Saville L.,AUS
Weintraub A.,ISR
Pouille L.,FRA
Alund M.,ARG
Garin C.,CHI
Schwartzman D.,ARG
Veger F.,CRO
Arguello F.,ARG
Reyes-Varela M.A.
Rachidi Y.,MAR
Granollers G.,ESP
Carballes Baena R.,ESP
Struff J.L.,GER
Desein N.,BEL
Cecchinato M.,ITA
Kyrgios N.,AUS
Vesely J.,CZE
Basic M.,BIH
Corrie E.,GBR
Edmund K.,GBR
Reid M.,AUS
Ymer E.,SWE
Eriksson M.,SWE
Kozlov S.,USA
Pavic A.,CRO
Bossel A.,SUI
Langer N.,GER
Ward A.,GBR
Gonzalez A.,COL
Salamanca C.,COL
Estrella Burgos V.
Barrientos N.,COL
Londero J.I.,ARG
Gomez E.,ECU
Struvay E.,COL
Zverev A.,GER
King K.,USA
Harrison C.,USA
Westerhof B.,NED
Topic J.,CRO
Coric B.,CRO
Setkic A.,BIH
Novak D.,AUT
Peliwo F.,CAN
Mcdonald M.,USA
Bogaerts R.,BEL
Altamirano C.,USA
Herbert P.H.,FRA
Khachanov K.,RUS
Karatsev A.,RUS
Djere L.,SRB
Trongcharoenchaikul W.,THA
Jeong S.Y.,KOR
Chung H.,KOR
Nedovyesov O.
Sekulic M.,SWE
Mecir M.,SVK
Kokkinakis T.,AUS
Nedunchezhiyan J.,IND
Ramanathan R.,IND
Albot R.,MDA
Nedovyesov A.,KAZ
Zayed M.S.,QAT
Hossam K.,EGY
Struff J-L.
Dzumhur D.,BIH
Thompson J.,AUS
Rola B.,SLO
Artunedo Martinavarro A.
Daniel T.,JPN
Lama G.,CHI
Krstin P.,SRB
Hank T.,MEX
Khaddari H.,MAR
Ciorcila P.,ROU
Basilashvili N.,RUS
Travaglia S.,ITA
Milojevic N.,SRB
Vaisse M.,FRA
Michon A.,FRA
Arnaboldi A.,ITA
Lokoli L.,FRA
Coppejans K.
Puetz T.,GER
Smethurst D.,GBR
Olivo R.,ARG
Thompson C.,USA
Krueger M.,USA
Diez S.,CAN
Pasha N.,USA
De Paula F.,BRA
Galovic V.,ITA
Donaldson J.,USA
Tiafoe F.,USA
Schnur B.,CAN
Rubin N.,USA
Giron M.,USA
Mcgee J.,IRL
Nishioka Y.,JPN
Kohlschreiber P..
Jasika O.,AUS
Takeuchi K.,JPN
Burquier G.,FRA
Gao X.,CHN
Ouyang B.,CHN
Gerasimov E.,BLR
Herbert P-H.
Wang C.,CHN
Rublev A.,RUS
Baluda V.,RUS
Gombos N.,SVK
Vanni L.,ITA
Prashanth V.
Jarry N.,CHI
Escobar G.,ECU
Androic T.,CRO
Quigley E.,USA
Herbert P.H
Martin F.,FRA
Bolt A.,AUS
De Greef A.,BEL
Munar J.,ESP
Giustino L.,ITA
Silva F.,POR
Lestienne C.,FRA
Vega Hernandez D.,ESP
Ilkel C.,TUR
Trinker B.,AUT
Donati M.,ITA
Gaio F.,ITA
Hamou M.,FRA
Halys Q.,FRA
Gigounon G.,BEL
Marterer M.,GER
Fritz T.,USA
Demoliner M.,BRA
Sarkissian A.,USA
Galan D.E.,COL
Gomez A.,DOM
Trevisan M.,ITA
Eubanks C.,USA
Hemery C.,FRA
King D.,NZL
Fratangelo B.,USA
Paul T.,USA
Shane R.,USA
Shyla Y.,BLR
Uchiyama Y.,JPN
Niki T.,JPN
Zhang Ze,CHN
Zhang Zh.
Ymer M.,SWE
Miedler L.,AUT
Anderson O.,AUS
Kovalik J.,SVK
Zayid M. S.
Tearney F.,NZL
Barton M.,AUS
Lazov A.,BUL
Kuzmanov D.,BUL
Mmoh M.,USA
Monteiro T.,BRA
Patino L.,MEX
Gomez L.,MEX
Kicker N.,ARG
Opelka R.,USA
Munoz De La Nava D.
Ahouda A.,MAR
Carreno Busta P.,ESP
Bautista Agut R.
Cachin P.,ARG
Linzer M.,AUT
Caruso S.,ITA
Sonego L.,ITA
Ortega-Olmedo R.
Medvedev D.,RUS
Pavlasek A.,CZE
Bourgue M.,FRA
Samper-Montana J.
Barrere G.,FRA
Escobedo E.,USA
Choinski J.,GER
Willis M.,GBR
Lamasine T.,FRA
Arvidsson I.,SWE
Soderlund C.,SWE
Simonsson F.,SWE
Moeller M.,GER
Satral J.,CZE
Wessels L.,GER
Mertl J.,CZE
Nikles J.,SUI
Bellier A.,SUI
Santillan A.,AUS
Cacic N.,SRB
Serdarusic N.,CRO
Lopez-Perez E.
Shapovalov D.,CAN
Smith A.,USA
Van Rijthoven T.,NED
Myneni S.,IND
Ivashka I.,BLR
Bublik A.,RUS
Ruud C.,NOR
Whittington A.,AUS
Maden Y.,GER
De Loore J.,BEL
name
name
Mathieu P.H.
Benneteau J.
Korolev E.
Jones A.
Guccione C.
Odesnik W.
Nieminen J.
Klec I.
Tsonga J.W.
Hanescu V.
Spadea V.
Grosjean S.
Acasuso J.
Falla A.
Hewitt L.
Sela D.
Dancevic F.
Bolelli S.
Gulbis E.
Golubev A.
Sirianni J.
Querrey S.
Becker B.
Russell M.
Llodra M.
Zverev M.
Eschauer W.
Salva B.
Vliegen K.
Gicquel M.
Haase R.
Baghdatis M.
Garcia-Lopez G.
Peya A.
Zovko L.
Ascione T.
Nadal R.
Montcourt M.
Ram R.,ESP
Schukin Y.
Mahut N.
Moya C.
Gabashvili T.
Cilic M.
Troicki V.
Kudryavtsev A.
Amritraj P.
Youzhny M.
Roger-Vasselin E.
Serra F.
Malisse X.
Melzer J.
Murray A.
Rochus O.
Schuettler R.
Pavel A.
Tipsarevic J.
Ventura S.
Calleri A.
Robredo T.
Wawrinka S.
Martin A.,SVK
Davydenko N.
Dorsch B.
Kiefer N.
de Chaunac S.
Rochus C.
Karlovic I.
Tursunov D.
Montanes A.
Johansson T.
Berrer M.
Kohlschreiber P.
Volandri F.
Ljubicic I.
Lee H.T.
Santoro F.
Almagro N.
Chela J.I.
King-Turner D.
Mayer F.
Statham R.
Massu N.
Jones G.D.
Roitman S.
Rosol L.
Cakl T.
Ferrero J.C.
Levine J.
Ferrer D.
Hernandez O.
Monaco J.
Luczak P.
Berdych T.
Verdasco F.
Lopez F.
Jones G.,NZL
Blake J.
Simon G.
Fish M.
Gasquet R.
Andreev I.
Seppi A.
Stepanek R.
Darcis S.
Minar I.
Koubek S.
Baker J.
Capdeville P.
Klein B.
Clement A.
Pashanski B.
Vassallo-Arguello M.
Lu Y.H.
Reynolds B.
Slanar M.
Roddick A.
Dlouhy L.
Patience O.
Young D.
Anderson K.
Levy H.
Warburg S.
Brzezicki J.P.
Lindahl N.
Horna L.
Karanusic R.
Granollers M.
Djokovic N.
Delic A.
Kendrick R.
Berlocq C.
Ram A.,MAD
Nalbandian D.
Smeets R.
Istomin D.
Lacko L.
Gremelmayr D.
Safin M.
Vanek J.
Zabaleta M.
Fognini F.
Isner J.
Del Potro J.M.
Gonzalez F.
Economidis K.
Federer R.
Hartfield D.
Gaudio G.
Cuevas P.
Coria G.
Lapentti N.
Gimeno-Traver D.
Schwank E.
Podlipnik H.
Devilder N.
Marrero D.
Garcia A.
Bellucci T.
Aldi F.
Starace P.
Munoz de la Nava D.
Daniel M.,NZL
Decoud S.
Kuerten G.
Ginepri R.
Navarro-Pastor I.
Bowles C.
Haas T.
Bogomolov A.
Kunitsyn I.
Muller G.
Crugnola M.
Mirnyi M.
Gregorc L.
Nishikori K.
Soderling R.
Elgin M.,RUS
Huta Galung J.
Guez D.
Ancic M.
Dodig I.
Gonzalez M.
Prodon E.
Ramirez-Hidalgo R.
Bachinger M.
Sluiter R.
Hernych J.
Witten J.
Smyczek T.
Rodriguez B.
Canas G.
Echagaray B.
Ramirez C.
Bjorkman J.
Niemeyer F.
Skugor F.
Kavcic B.
de Voest R.
Bastl G.
Stakhovsky S.
Cervenak P.
Minar J.
Al-Ghareeb M.
Monfils G.
Ledovskikh M.
Nader M.
Giraldo S.
Vemic D.
Hrbaty D.
Sweeting R.
Gil F.
Sousa J.
Marach O.
Elias G.
Naso G.
Machado R.
Petzschner P.
Cipolla F.
Vicente F.
Armando H.
Harrison R.
Lopez-Jaen M.A.
Andujar P.
Lisnard J.R.
Trujillo G.
Lopez M.,ESP
Sanchez De Luna J.
Kukushkin M.
Marrai M.
Brands D.
Del Potro J.
Silva J.
Eitzinger R.
El Aynaoui Y.
Sidorenko A.
Fabbiano T.
Beck A.
Jun W.S.
Polansky P.
Ouahab L.
Verkerk M.
Hajek J.
Vagnozzi S.
Przysiezny M.
Chardy J.
Ouanna J.
Eysseric J.
Greul S.
Crivoi V.
Jenkins S.
Junqueira D.
Mannarino A.
Phau B.
Vacek J.
Lipsky S.
Goodall J.,GBR
Ward J.
Bogdanovic A.
De Voest R.
Evans D.
Bloomfield R.
Olejniczak D.
Berankis R.
Mertinak M.
Skoch D.
Janowicz J.
Dimitrov G.
Middelkoop M.
Dell'Acqua M.
Bopanna R.
Groth S.
Nielsen F.
Slabinsky A.
Kim K
Dabul B.
Kamke T.
Stadler S.
Bozoljac I.
Snobel P.
Van der Merwe I.
Galvani S.
Eaton C.
Rehnquist B.
Ryderstedt M.
Goransson T.
Prpic F.
Koellerer D.
Eleskovic E.
Lammer M.
Meffert D.
Bohli S.
Roshardt R.
Kim K.
Pless K.
Evans B.
Qureshi A.U.H.
Dent T.
Fischer M.
Brizzi A.
De Bakker T.
Cruciat A.
Sijsling I.
Matsukevitch D.
O'Neal J.
Soeda G.
Oswald P.
Mayer L.
Veic A.
Piccari F.
Belic L.
Yani M.
Stoppini A.
Estrella V.
Fleishman Z.
Devvarman S.
Ignatik U.
Delgado R.
De Heart R.
Ball C.
Recouderc L.
Zib T.
Alves T.
Krajicek A.
Udomchoke D.
Djokovic M.
Nam H.W.
Xu J.C.
Scherrer J.C.
Sun P.
Bai Y.
Jouan R.
Suzuki T.
Sugita Y.
Iwabuchi S.
Kondo H.
Ito Y.
Mamiit C.
Ito T.
Donskoy E.
Okun N.
Johansson J.
Chiudinelli M.
Lejnieks K.
Tomic B.
Hajji A.
Beck K.
Statham J.
Ebelthite C.
De Chaunac S.
Kindlmann D.
Klaasen R.
Anderson A.
Hutchins R.
Mektic N.
Saretta F.
Hocevar R.
Silva D.
Zampieri C.
Kubot L.
Poerschke L.
Mello R.
Widom T.
Lapentti G.
Munoz de La Nava D.
Ferreiro F.
Marchenko I.
Gonzalez S.
King E.
Al Ghareeb M.
Bhambri Y.
Ziadi M.
El Amrani R.
Chaki R.
Riba-Madrid P.
Krajinovic F.
Zlatanovic A.
Kloer S.
Vik R.
Rufin G.
Fleming C.
Norman D.
Berta D.
Zemlja G.
Ghedin R.
Zeballos H.
Vinciguerra A.
Munoz-De La Nava D.
Riba P.
Krawietz K.
Britton D.
Dustov F.
Del Bonis F.
Klizan M.
Agostinelli B.
Raonic M.
Ilhan M.
Buchanan C.
Luncanu P.A.
Copil M.
Valent R.
Wachiramanowong K.
Zeng S.X.
Gong M.X.
Biryukov M.
Kuznetsov A.,USA
Kontinen H.
Haehnel J.
Lorenzi P.
Millot V.
Vovk S.
Dolgopolov O.
Haider-Maurer A.
Bautista R.
Millman J.
Ebden M.
Reister J.
Yang T.H.
Robert S.
Sorensen L.
Maamoun K.,EGY
Lemke J.
Cervantes I.
Matosevic M.
Kubler J.
Sergeyev I.
Brown D.
Balleret B.
Wolmarans F.
Van Der Merwe I.
Aguilar J.
Aranguren J.M.
Souza J.
Saavedra Corvalan C.
Jelenic P.
Bemelmans R.
Dutra Silva R.
Im K.T.
Deheart R.
Mertens Y.
Niland C.
Ramos-Vinolas A.
Lajovic D.
Di Mauro A.
Tavares L.
Gojowczyk P.
Mina G.
Paire B.
Emmrich M.
Junaid R.
Alcaide G.
Kudla D.
Bubka S.
Dasnieres de Veigy J.
Lindell C.
Knittel B.
Sadecky A.
Marti Y.
Velotti A.
Johnson S.
Melzer G.
Duclos P.L.
Bester P.
Lojda D.
Klahn B.
Sock J.
Ungur A.
Kravchuk K.
Si Y.M.
Cermak F.
Zhang Z.
Wu D.
Belyaev I.
Schoorel T.
Muster T.
Marti J.
Goffin D.
Sabry S.
Venus M.
Scholtz N.
Rios F.
Bagnis F.
Pospisil J.
Romboli F.
Clezar G.
Ghem A.
Kuznetsov Al.
Farah R.
Borvanov R.
Galdon P.
Kumantsov A.
Garza D.
Sanchez M.
Awadhy O.
Granollers Pujol G.
Kuznetsov An.
Gutierrez-Ferrol S.
Ramos A.
Carreno-Busta P.
Granollers-Pujol G.
Sousa P.
Teixeira M.
Gensse A.
Stebe C.M.
Cox D.
Golding O.
Kirillov E.
Walter L.
De Schepper K.
Wang J.
Olaso G.
Kern R.
Simmonds P.
Kosakowski D.
Grigelis L.
Pavic M.
Delic M.
Thiem D.
Sitak A.
Chvojka E.
Pospisil V.
Jaziri M.
Dutra Da Silva R.
Giannessi A.
Torebko P.
Rodrigues M.
Renavand N.
Li Z.
Zopp J.
Rieschick S.
Nedelko I.
Bedene A.
Duckworth J.
Mitchell B.
Vardhan V.
Al Mutawa J.
Viola Mat.
Van D. Merwe I.
Mesaros K.
Marcan D.
Kutrovsky D.
Lajola D.
Strode B.
Molteni A.
Olivetti A.
Cabal J.S.
Williams R.
Delbonis F.
Idmbarek Y.
Brugues-Davi A.
Moraru G.
Balazs A.
Gomez-Herrera C.
Baker B.
Broady L.
Fucsovics M.
Menendez-Maceiras A.
Trungelliti M.
Trusendi W.
Fraile G.
Viola M.
Ehrat S.
Laaksonen H.
Meister N.
Mcclune M.
Andreozzi G.
Moriya H.
Pella G.
Authom M.
Novikov D.
Reix C.
Vasilevski A.
Betov S.
Fidirko N.
Siriluethaiwattana P.
Deen Heshaam A.
Knowle J.
Davydenko P.
Inglot D.
Singh S.
Rosenholm P.
Stebe C-M.
Safwat M.
Ali Mutawa J.M.
Zayed M. S.
Smith J.P.
Saville L.
Weintraub A.
Pouille L.
Alund M.
Garin C.
Schwartzman D.
Veger F.
Arguello F.
Reyes-Varela M.A.
Rachidi Y.
Granollers G.
Carballes Baena R.
Struff J.L.
Desein N.
Cecchinato M.
Kyrgios N.
Vesely J.
Basic M.
Corrie E.
Edmund K.
Reid M.
Ymer E.
Eriksson M.
Kozlov S.
Pavic A.
Bossel A.
Langer N.
Ward A.
Gonzalez A.
Salamanca C.
Estrella Burgos V.
Barrientos N.
Londero J.I.
Gomez E.
Struvay E.
Zverev A.
King K.
Harrison C.
Westerhof B.
Topic J.
Coric B.
Setkic A.
Novak D.
Peliwo F.
Mcdonald M.
Bogaerts R.
Altamirano C.
Herbert P.H.
Khachanov K.
Karatsev A.
Djere L.
Trongcharoenchaikul W.
Jeong S.Y.
Chung H.,KOR
Nedovyesov O.
Sekulic M.
Mecir M.
Kokkinakis T.
Nedunchezhiyan J.
Ramanathan R.
Albot R.
Nedovyesov A.
Zayed M.S.
Hossam K.
Struff J-L.
Dzumhur D.
Thompson J.
Rola B.
Artunedo Martinavarro A.
Daniel T.
Lama G.
Krstin P.
Hank T.
Khaddari H.
Ciorcila P.
Basilashvili N.
Travaglia S.
Milojevic N.
Vaisse M.
Michon A.
Arnaboldi A.
Lokoli L.
Coppejans K.
Puetz T.
Smethurst D.
Olivo R.
Thompson C.
Krueger M.
Diez S.
Pasha N.
De Paula F.
Galovic V.
Donaldson J.
Tiafoe F.
Schnur B.
Rubin N.
Giron M.
Mcgee J.
Nishioka Y.
Kohlschreiber P..
Jasika O.
Takeuchi K.
Burquier G.
Gao X.
Ouyang B.
Gerasimov E.
Herbert P-H.
Wang C.,TPE
Rublev A.
Baluda V.
Gombos N.
Vanni L.
Prashanth V.
Jarry N.
Escobar G.
Androic T.
Quigley E.
Herbert P.H
Martin F.
Bolt A.
De Greef A.
Munar J.
Giustino L.
Silva F.
Lestienne C.
Vega Hernandez D.
Ilkel C.
Trinker B.
Donati M.
Gaio F.
Hamou M.
Halys Q.
Gigounon G.
Marterer M.
Fritz T.
Demoliner M.
Sarkissian A.
Galan D.E.
Gomez A.,COL
Trevisan M.
Eubanks C.
Hemery C.
King D.,BAR
Fratangelo B.
Paul T.
Shane R.
Shyla Y.
Uchiyama Y.
Niki T.
Zhang Ze
Zhang Zh.
Ymer M.
Miedler L.
Anderson O.
Kovalik J.
Zayid M. S.
Tearney F.
Barton M.
Lazov A.
Kuzmanov D.
Mmoh M.
Monteiro T.
Patino L.
Gomez L.
Kicker N.
Opelka R.
Munoz De La Nava D.
Ahouda A.
Carreno Busta P.
Bautista Agut R.
Cachin P.
Linzer M.
Caruso S.
Sonego L.
Ortega-Olmedo R.
Medvedev D.
Pavlasek A.
Bourgue M.
Samper-Montana J.
Barrere G.
Escobedo E.
Choinski J.
Willis M.
Lamasine T.
Arvidsson I.
Soderlund C.
Simonsson F.
Moeller M.
Satral J.
Wessels L.
Mertl J.
Nikles J.
Bellier A.
Santillan A.
Cacic N.
Serdarusic N.
Lopez-Perez E.
Shapovalov D.
Smith A.
Van Rijthoven T.
Myneni S.
Ivashka I.
Bublik A.
Ruud C.
Whittington A.
Maden Y.
De Loore J.
name
name
Mathieu P.H.
Benneteau J.
Korolev E.
Jones A.
Guccione C.
Odesnik W.
Nieminen J.
Klec I.
Tsonga J.W.
Hanescu V.
Spadea V.
Grosjean S.
Acasuso J.
Falla A.
Hewitt L.
Sela D.
Dancevic F.
Bolelli S.
Gulbis E.
Golubev A.
Sirianni J.
Querrey S.
Becker B.
Russell M.
Llodra M.
Zverev M.
Eschauer W.
Salva B.
Vliegen K.
Gicquel M.
Haase R.
Baghdatis M.
Garcia-Lopez G.
Peya A.
Zovko L.
Ascione T.
Nadal R.
Montcourt M.
Ram R.,LIB
Schukin Y.
Mahut N.
Moya C.
Gabashvili T.
Cilic M.
Troicki V.
Kudryavtsev A.
Amritraj P.
Youzhny M.
Roger-Vasselin E.
Serra F.
Malisse X.
Melzer J.
Murray A.
Rochus O.
Schuettler R.
Pavel A.
Tipsarevic J.
Ventura S.
Calleri A.
Robredo T.
Wawrinka S.
Martin A.,ESP
Davydenko N.
Dorsch B.
Kiefer N.
de Chaunac S.
Rochus C.
Karlovic I.
Tursunov D.
Montanes A.
Johansson T.
Berrer M.
Kohlschreiber P.
Volandri F.
Ljubicic I.
Lee H.T.
Santoro F.
Almagro N.
Chela J.I.
King-Turner D.
Mayer F.
Statham R.
Massu N.
Jones G.D.
Roitman S.
Rosol L.
Cakl T.
Ferrero J.C.
Levine J.
Ferrer D.
Hernandez O.
Monaco J.
Luczak P.
Berdych T.
Verdasco F.
Lopez F.
Jones G.,NZL
Blake J.
Simon G.
Fish M.
Gasquet R.
Andreev I.
Seppi A.
Stepanek R.
Darcis S.
Minar I.
Koubek S.
Baker J.
Capdeville P.
Klein B.
Clement A.
Pashanski B.
Vassallo-Arguello M.
Lu Y.H.
Reynolds B.
Slanar M.
Roddick A.
Dlouhy L.
Patience O.
Young D.
Anderson K.
Levy H.
Warburg S.
Brzezicki J.P.
Lindahl N.
Horna L.
Karanusic R.
Granollers M.
Djokovic N.
Delic A.
Kendrick R.
Berlocq C.
Ram A.
Nalbandian D.
Smeets R.
Istomin D.
Lacko L.
Gremelmayr D.
Safin M.
Vanek J.
Zabaleta M.
Fognini F.
Isner J.
Del Potro J.M.
Gonzalez F.
Economidis K.
Federer R.
Hartfield D.
Gaudio G.
Cuevas P.
Coria G.
Lapentti N.
Gimeno-Traver D.
Schwank E.
Podlipnik H.
Devilder N.
Marrero D.
Garcia A.
Bellucci T.
Aldi F.
Starace P.
Munoz de la Nava D.
Daniel M.
Decoud S.
Kuerten G.
Ginepri R.
Navarro-Pastor I.
Bowles C.
Haas T.
Bogomolov A.
Kunitsyn I.
Muller G.
Crugnola M.
Mirnyi M.
Gregorc L.
Nishikori K.
Soderling R.
Elgin M.
Huta Galung J.
Guez D.
Ancic M.
Dodig I.
Gonzalez M.
Prodon E.
Ramirez-Hidalgo R.
Bachinger M.
Sluiter R.
Hernych J.
Witten J.
Smyczek T.
Rodriguez B.
Canas G.
Echagaray B.
Ramirez C.
Bjorkman J.
Niemeyer F.
Skugor F.
Kavcic B.
de Voest R.
Bastl G.
Stakhovsky S.
Cervenak P.
Minar J.
Al-Ghareeb M.
Monfils G.
Ledovskikh M.
Nader M.
Giraldo S.
Vemic D.
Hrbaty D.
Sweeting R.
Gil F.
Sousa J.
Marach O.
Elias G.
Naso G.
Machado R.
Petzschner P.
Cipolla F.
Vicente F.
Armando H.
Harrison R.
Lopez-Jaen M.A.
Andujar P.
Lisnard J.R.
Trujillo G.
Lopez M.
Sanchez De Luna J.
Kukushkin M.
Marrai M.
Brands D.
Del Potro J.
Silva J.
Eitzinger R.
El Aynaoui Y.
Sidorenko A.
Fabbiano T.
Beck A.
Jun W.S.
Polansky P.
Ouahab L.
Verkerk M.
Hajek J.
Vagnozzi S.
Przysiezny M.
Chardy J.
Ouanna J.
Eysseric J.
Greul S.
Crivoi V.
Jenkins S.
Junqueira D.
Mannarino A.
Phau B.
Vacek J.
Lipsky S.
Goodall J.
Ward J.
Bogdanovic A.
De Voest R.
Evans D.
Bloomfield R.
Olejniczak D.
Berankis R.
Mertinak M.
Skoch D.
Janowicz J.
Dimitrov G.
Middelkoop M.
Dell'Acqua M.
Bopanna R.
Groth S.
Nielsen F.
Slabinsky A.
Kim K
Dabul B.
Kamke T.
Stadler S.
Bozoljac I.
Snobel P.
Van der Merwe I.
Galvani S.
Eaton C.
Rehnquist B.
Ryderstedt M.
Goransson T.
Prpic F.
Koellerer D.
Eleskovic E.
Lammer M.
Meffert D.
Bohli S.
Roshardt R.
Kim K.
Pless K.
Evans B.
Qureshi A.U.H.
Dent T.
Fischer M.
Brizzi A.
De Bakker T.
Cruciat A.
Sijsling I.
Matsukevitch D.
O'Neal J.
Soeda G.
Oswald P.
Mayer L.
Veic A.
Piccari F.
Belic L.
Yani M.
Stoppini A.
Estrella V.
Fleishman Z.
Devvarman S.
Ignatik U.
Delgado R.
De Heart R.
Ball C.
Recouderc L.
Zib T.
Alves T.
Krajicek A.
Udomchoke D.
Djokovic M.
Nam H.W.
Xu J.C.
Scherrer J.C.
Sun P.
Bai Y.
Jouan R.
Suzuki T.
Sugita Y.
Iwabuchi S.
Kondo H.
Ito Y.
Mamiit C.
Ito T.
Donskoy E.
Okun N.
Johansson J.
Chiudinelli M.
Lejnieks K.
Tomic B.
Hajji A.
Beck K.
Statham J.
Ebelthite C.
De Chaunac S.
Kindlmann D.
Klaasen R.
Anderson A.
Hutchins R.
Mektic N.
Saretta F.
Hocevar R.
Silva D.
Zampieri C.
Kubot L.
Poerschke L.
Mello R.
Widom T.
Lapentti G.
Munoz de La Nava D.
Ferreiro F.
Marchenko I.
Gonzalez S.
King E.
Al Ghareeb M.
Bhambri Y.
Ziadi M.
El Amrani R.
Chaki R.
Riba-Madrid P.
Krajinovic F.
Zlatanovic A.
Kloer S.
Vik R.
Rufin G.
Fleming C.
Norman D.
Berta D.
Zemlja G.
Ghedin R.
Zeballos H.
Vinciguerra A.
Munoz-De La Nava D.
Riba P.
Krawietz K.
Britton D.
Dustov F.
Del Bonis F.
Klizan M.
Agostinelli B.
Raonic M.
Ilhan M.
Buchanan C.
Luncanu P.A.
Copil M.
Valent R.
Wachiramanowong K.
Zeng S.X.
Gong M.X.
Biryukov M.
Kuznetsov A.
Kontinen H.
Haehnel J.
Lorenzi P.
Millot V.
Vovk S.
Dolgopolov O.
Haider-Maurer A.
Bautista R.
Millman J.
Ebden M.
Reister J.
Yang T.H.
Robert S.
Sorensen L.
Maamoun K.
Lemke J.
Cervantes I.
Matosevic M.
Kubler J.
Sergeyev I.
Brown D.
Balleret B.
Wolmarans F.
Van Der Merwe I.
Aguilar J.
Aranguren J.M.
Souza J.
Saavedra Corvalan C.
Jelenic P.
Bemelmans R.
Dutra Silva R.
Im K.T.
Deheart R.
Mertens Y.
Niland C.
Ramos-Vinolas A.
Lajovic D.
Di Mauro A.
Tavares L.
Gojowczyk P.
Mina G.
Paire B.
Emmrich M.
Junaid R.
Alcaide G.
Kudla D.
Bubka S.
Dasnieres de Veigy J.
Lindell C.
Knittel B.
Sadecky A.
Marti Y.
Velotti A.
Johnson S.
Melzer G.
Duclos P.L.
Bester P.
Lojda D.
Klahn B.
Sock J.
Ungur A.
Kravchuk K.
Si Y.M.
Cermak F.
Zhang Z.
Wu D.
Belyaev I.
Schoorel T.
Muster T.
Marti J.
Goffin D.
Sabry S.
Venus M.
Scholtz N.
Rios F.
Bagnis F.
Pospisil J.
Romboli F.
Clezar G.
Ghem A.
Kuznetsov Al.
Farah R.
Borvanov R.
Galdon P.
Kumantsov A.
Garza D.
Sanchez M.
Awadhy O.
Granollers Pujol G.
Kuznetsov An.
Gutierrez-Ferrol S.
Ramos A.
Carreno-Busta P.
Granollers-Pujol G.
Sousa P.
Teixeira M.
Gensse A.
Stebe C.M.
Cox D.
Golding O.
Kirillov E.
Walter L.
De Schepper K.
Wang J.
Olaso G.
Kern R.
Simmonds P.
Kosakowski D.
Grigelis L.
Pavic M.
Delic M.
Thiem D.
Sitak A.
Chvojka E.
Pospisil V.
Jaziri M.
Dutra Da Silva R.
Giannessi A.
Torebko P.
Rodrigues M.
Renavand N.
Li Z.
Zopp J.
Rieschick S.
Nedelko I.
Bedene A.
Duckworth J.
Mitchell B.
Vardhan V.
Al Mutawa J.
Viola Mat.
Van D. Merwe I.
Mesaros K.
Marcan D.
Kutrovsky D.
Lajola D.
Strode B.
Molteni A.
Olivetti A.
Cabal J.S.
Williams R.
Delbonis F.
Idmbarek Y.
Brugues-Davi A.
Moraru G.
Balazs A.
Gomez-Herrera C.
Baker B.
Broady L.
Fucsovics M.
Menendez-Maceiras A.
Trungelliti M.
Trusendi W.
Fraile G.
Viola M.
Ehrat S.
Laaksonen H.
Meister N.
Mcclune M.
Andreozzi G.
Moriya H.
Pella G.
Authom M.
Novikov D.
Reix C.
Vasilevski A.
Betov S.
Fidirko N.
Siriluethaiwattana P.
Deen Heshaam A.
Knowle J.
Davydenko P.
Inglot D.
Singh S.
Rosenholm P.
Stebe C-M.
Safwat M.
Ali Mutawa J.M.
Zayed M. S.
Smith J.P.
Saville L.
Weintraub A.
Pouille L.
Alund M.
Garin C.
Schwartzman D.
Veger F.
Arguello F.
Reyes-Varela M.A.
Rachidi Y.
Granollers G.
Carballes Baena R.
Struff J.L.
Desein N.
Cecchinato M.
Kyrgios N.
Vesely J.
Basic M.
Corrie E.
Edmund K.
Reid M.
Ymer E.
Eriksson M.
Kozlov S.
Pavic A.
Bossel A.
Langer N.
Ward A.
Gonzalez A.
Salamanca C.
Estrella Burgos V.
Barrientos N.
Londero J.I.
Gomez E.
Struvay E.
Zverev A.
King K.
Harrison C.
Westerhof B.
Topic J.
Coric B.
Setkic A.
Novak D.
Peliwo F.
Mcdonald M.
Bogaerts R.
Altamirano C.
Herbert P.H.
Khachanov K.
Karatsev A.
Djere L.
Trongcharoenchaikul W.
Jeong S.Y.
Chung H.
Nedovyesov O.
Sekulic M.
Mecir M.
Kokkinakis T.
Nedunchezhiyan J.
Ramanathan R.
Albot R.
Nedovyesov A.
Zayed M.S.
Hossam K.
Struff J-L.
Dzumhur D.
Thompson J.
Rola B.
Artunedo Martinavarro A.
Daniel T.
Lama G.
Krstin P.
Hank T.
Khaddari H.
Ciorcila P.
Basilashvili N.
Travaglia S.
Milojevic N.
Vaisse M.
Michon A.
Arnaboldi A.
Lokoli L.
Coppejans K.
Puetz T.
Smethurst D.
Olivo R.
Thompson C.
Krueger M.
Diez S.
Pasha N.
De Paula F.
Galovic V.
Donaldson J.
Tiafoe F.
Schnur B.
Rubin N.
Giron M.
Mcgee J.
Nishioka Y.
Kohlschreiber P..
Jasika O.
Takeuchi K.
Burquier G.
Gao X.
Ouyang B.
Gerasimov E.
Herbert P-H.
Wang C.
Rublev A.
Baluda V.
Gombos N.
Vanni L.
Prashanth V.
Jarry N.
Escobar G.
Androic T.
Quigley E.
Herbert P.H
Martin F.
Bolt A.
De Greef A.
Munar J.
Giustino L.
Silva F.
Lestienne C.
Vega Hernandez D.
Ilkel C.
Trinker B.
Donati M.
Gaio F.
Hamou M.
Halys Q.
Gigounon G.
Marterer M.
Fritz T.
Demoliner M.
Sarkissian A.
Galan D.E.
Gomez A.
Trevisan M.
Eubanks C.
Hemery C.
King D.
Fratangelo B.
Paul T.
Shane R.
Shyla Y.
Uchiyama Y.
Niki T.
Zhang Ze
Zhang Zh.
Ymer M.
Miedler L.
Anderson O.
Kovalik J.
Zayid M. S.
Tearney F.
Barton M.
Lazov A.
Kuzmanov D.
Mmoh M.
Monteiro T.
Patino L.
Gomez L.
Kicker N.
Opelka R.
Munoz De La Nava D.
Ahouda A.
Carreno Busta P.
Bautista Agut R.
Cachin P.
Linzer M.
Caruso S.
Sonego L.
Ortega-Olmedo R.
Medvedev D.
Pavlasek A.
Bourgue M.
Samper-Montana J.
Barrere G.
Escobedo E.
Choinski J.
Willis M.
Lamasine T.
Arvidsson I.
Soderlund C.
Simonsson F.
Moeller M.
Satral J.
Wessels L.
Mertl J.
Nikles J.
Bellier A.
Santillan A.
Cacic N.
Serdarusic N.
Lopez-Perez E.
Shapovalov D.
Smith A.
Van Rijthoven T.
Myneni S.
Ivashka I.
Bublik A.
Ruud C.
Whittington A.
Maden Y.
De Loore J.
name
name
Mathieu P.H.
Benneteau J.
Korolev E.
Jones A.
Guccione C.
Odesnik W.
Nieminen J.
Klec I.
Tsonga J.W.
Hanescu V.
Spadea V.
Grosjean S.
Acasuso J.
Falla A.
Hewitt L.
Sela D.
Dancevic F.
Bolelli S.
Gulbis E.
Golubev A.
Sirianni J.
Querrey S.
Becker B.
Russell M.
Llodra M.
Zverev M.
Eschauer W.
Salva B.
Vliegen K.
Gicquel M.
Haase R.
Baghdatis M.
Garcia-Lopez G.
Peya A.
Zovko L.
Ascione T.
Nadal R.
Montcourt M.
Ram R.
Schukin Y.
Mahut N.
Moya C.
Gabashvili T.
Cilic M.
Troicki V.
Kudryavtsev A.
Amritraj P.
Youzhny M.
Roger-Vasselin E.
Serra F.
Malisse X.
Melzer J.
Murray A.
Rochus O.
Schuettler R.
Pavel A.
Tipsarevic J.
Ventura S.
Calleri A.
Robredo T.
Wawrinka S.
Martin A.
Davydenko N.
Dorsch B.
Kiefer N.
de Chaunac S.
Rochus C.
Karlovic I.
Tursunov D.
Montanes A.
Johansson T.
Berrer M.
Kohlschreiber P.
Volandri F.
Ljubicic I.
Lee H.T.
Santoro F.
Almagro N.
Chela J.I.
King-Turner D.
Mayer F.
Statham R.
Massu N.
Jones G.D.
Roitman S.
Rosol L.
Cakl T.
Ferrero J.C.
Levine J.
Ferrer D.
Hernandez O.
Monaco J.
Luczak P.
Berdych T.
Verdasco F.
Lopez F.
Jones G.
Blake J.
Simon G.
Fish M.
Gasquet R.
Andreev I.
Seppi A.
Stepanek R.
Darcis S.
Minar I.
Koubek S.
Baker J.
Capdeville P.
Klein B.
Clement A.
Pashanski B.
Vassallo-Arguello M.
Lu Y.H.
Reynolds B.
Slanar M.
Roddick A.
Dlouhy L.
Patience O.
Young D.
Anderson K.
Levy H.
Warburg S.
Brzezicki J.P.
Lindahl N.
Horna L.
Karanusic R.
Granollers M.
Djokovic N.
Delic A.
Kendrick R.
Berlocq C.
Ram A.
Nalbandian D.
Smeets R.
Istomin D.
Lacko L.
Gremelmayr D.
Safin M.
Vanek J.
Zabaleta M.
Fognini F.
Isner J.
Del Potro J.M.
Gonzalez F.
Economidis K.
Federer R.
Hartfield D.
Gaudio G.
Cuevas P.
Coria G.
Lapentti N.
Gimeno-Traver D.
Schwank E.
Podlipnik H.
Devilder N.
Marrero D.
Garcia A.
Bellucci T.
Aldi F.
Starace P.
Munoz de la Nava D.
Daniel M.
Decoud S.
Kuerten G.
Ginepri R.
Navarro-Pastor I.
Bowles C.
Haas T.
Bogomolov A.
Kunitsyn I.
Muller G.
Crugnola M.
Mirnyi M.
Gregorc L.
Nishikori K.
Soderling R.
Elgin M.
Huta Galung J.
Guez D.
Ancic M.
Dodig I.
Gonzalez M.
Prodon E.
Ramirez-Hidalgo R.
Bachinger M.
Sluiter R.
Hernych J.
Witten J.
Smyczek T.
Rodriguez B.
Canas G.
Echagaray B.
Ramirez C.
Bjorkman J.
Niemeyer F.
Skugor F.
Kavcic B.
de Voest R.
Bastl G.
Stakhovsky S.
Cervenak P.
Minar J.
Al-Ghareeb M.
Monfils G.
Ledovskikh M.
Nader M.
Giraldo S.
Vemic D.
Hrbaty D.
Sweeting R.
Gil F.
Sousa J.
Marach O.
Elias G.
Naso G.
Machado R.
Petzschner P.
Cipolla F.
Vicente F.
Armando H.
Harrison R.
Lopez-Jaen M.A.
Andujar P.
Lisnard J.R.
Trujillo G.
Lopez M.
Sanchez De Luna J.
Kukushkin M.
Marrai M.
Brands D.
Del Potro J.
Silva J.
Eitzinger R.
El Aynaoui Y.
Sidorenko A.
Fabbiano T.
Beck A.
Jun W.S.
Polansky P.
Ouahab L.
Verkerk M.
Hajek J.
Vagnozzi S.
Przysiezny M.
Chardy J.
Ouanna J.
Eysseric J.
Greul S.
Crivoi V.
Jenkins S.
Junqueira D.
Mannarino A.
Phau B.
Vacek J.
Lipsky S.
Goodall J.
Ward J.
Bogdanovic A.
De Voest R.
Evans D.
Bloomfield R.
Olejniczak D.
Berankis R.
Mertinak M.
Skoch D.
Janowicz J.
Dimitrov G.
Middelkoop M.
Dell'Acqua M.
Bopanna R.
Groth S.
Nielsen F.
Slabinsky A.
Kim K
Dabul B.
Kamke T.
Stadler S.
Bozoljac I.
Snobel P.
Van der Merwe I.
Galvani S.
Eaton C.
Rehnquist B.
Ryderstedt M.
Goransson T.
Prpic F.
Koellerer D.
Eleskovic E.
Lammer M.
Meffert D.
Bohli S.
Roshardt R.
Kim K.
Pless K.
Evans B.
Qureshi A.U.H.
Dent T.
Fischer M.
Brizzi A.
De Bakker T.
Cruciat A.
Sijsling I.
Matsukevitch D.
O'Neal J.
Soeda G.
Oswald P.
Mayer L.
Veic A.
Piccari F.
Belic L.
Yani M.
Stoppini A.
Estrella V.
Fleishman Z.
Devvarman S.
Ignatik U.
Delgado R.
De Heart R.
Ball C.
Recouderc L.
Zib T.
Alves T.
Krajicek A.
Udomchoke D.
Djokovic M.
Nam H.W.
Xu J.C.
Scherrer J.C.
Sun P.
Bai Y.
Jouan R.
Suzuki T.
Sugita Y.
Iwabuchi S.
Kondo H.
Ito Y.
Mamiit C.
Ito T.
Donskoy E.
Okun N.
Johansson J.
Chiudinelli M.
Lejnieks K.
Tomic B.
Hajji A.
Beck K.
Statham J.
Ebelthite C.
De Chaunac S.
Kindlmann D.
Klaasen R.
Anderson A.
Hutchins R.
Mektic N.
Saretta F.
Hocevar R.
Silva D.
Zampieri C.
Kubot L.
Poerschke L.
Mello R.
Widom T.
Lapentti G.
Munoz de La Nava D.
Ferreiro F.
Marchenko I.
Gonzalez S.
King E.
Al Ghareeb M.
Bhambri Y.
Ziadi M.
El Amrani R.
Chaki R.
Riba-Madrid P.
Krajinovic F.
Zlatanovic A.
Kloer S.
Vik R.
Rufin G.
Fleming C.
Norman D.
Berta D.
Zemlja G.
Ghedin R.
Zeballos H.
Vinciguerra A.
Munoz-De La Nava D.
Riba P.
Krawietz K.
Britton D.
Dustov F.
Del Bonis F.
Klizan M.
Agostinelli B.
Raonic M.
Ilhan M.
Buchanan C.
Luncanu P.A.
Copil M.
Valent R.
Wachiramanowong K.
Zeng S.X.
Gong M.X.
Biryukov M.
Kuznetsov A.
Kontinen H.
Haehnel J.
Lorenzi P.
Millot V.
Vovk S.
Dolgopolov O.
Haider-Maurer A.
Bautista R.
Millman J.
Ebden M.
Reister J.
Yang T.H.
Robert S.
Sorensen L.
Maamoun K.
Lemke J.
Cervantes I.
Matosevic M.
Kubler J.
Sergeyev I.
Brown D.
Balleret B.
Wolmarans F.
Van Der Merwe I.
Aguilar J.
Aranguren J.M.
Souza J.
Saavedra Corvalan C.
Jelenic P.
Bemelmans R.
Dutra Silva R.
Im K.T.
Deheart R.
Mertens Y.
Niland C.
Ramos-Vinolas A.
Lajovic D.
Di Mauro A.
Tavares L.
Gojowczyk P.
Mina G.
Paire B.
Emmrich M.
Junaid R.
Alcaide G.
Kudla D.
Bubka S.
Dasnieres de Veigy J.
Lindell C.
Knittel B.
Sadecky A.
Marti Y.
Velotti A.
Johnson S.
Melzer G.
Duclos P.L.
Bester P.
Lojda D.
Klahn B.
Sock J.
Ungur A.
Kravchuk K.
Si Y.M.
Cermak F.
Zhang Z.
Wu D.
Belyaev I.
Schoorel T.
Muster T.
Marti J.
Goffin D.
Sabry S.
Venus M.
Scholtz N.
Rios F.
Bagnis F.
Pospisil J.
Romboli F.
Clezar G.
Ghem A.
Kuznetsov Al.
Farah R.
Borvanov R.
Galdon P.
Kumantsov A.
Garza D.
Sanchez M.
Awadhy O.
Granollers Pujol G.
Kuznetsov An.
Gutierrez-Ferrol S.
Ramos A.
Carreno-Busta P.
Granollers-Pujol G.
Sousa P.
Teixeira M.
Gensse A.
Stebe C.M.
Cox D.
Golding O.
Kirillov E.
Walter L.
De Schepper K.
Wang J.
Olaso G.
Kern R.
Simmonds P.
Kosakowski D.
Grigelis L.
Pavic M.
Delic M.
Thiem D.
Sitak A.
Chvojka E.
Pospisil V.
Jaziri M.
Dutra Da Silva R.
Giannessi A.
Torebko P.
Rodrigues M.
Renavand N.
Li Z.
Zopp J.
Rieschick S.
Nedelko I.
Bedene A.
Duckworth J.
Mitchell B.
Vardhan V.
Al Mutawa J.
Viola Mat.
Van D. Merwe I.
Mesaros K.
Marcan D.
Kutrovsky D.
Lajola D.
Strode B.
Molteni A.
Olivetti A.
Cabal J.S.
Williams R.
Delbonis F.
Idmbarek Y.
Brugues-Davi A.
Moraru G.
Balazs A.
Gomez-Herrera C.
Baker B.
Broady L.
Fucsovics M.
Menendez-Maceiras A.
Trungelliti M.
Trusendi W.
Fraile G.
Viola M.
Ehrat S.
Laaksonen H.
Meister N.
Mcclune M.
Andreozzi G.
Moriya H.
Pella G.
Authom M.
Novikov D.
Reix C.
Vasilevski A.
Betov S.
Fidirko N.
Siriluethaiwattana P.
Deen Heshaam A.
Knowle J.
Davydenko P.
Inglot D.
Singh S.
Rosenholm P.
Stebe C-M.
Safwat M.
Ali Mutawa J.M.
Zayed M. S.
Smith J.P.
Saville L.
Weintraub A.
Pouille L.
Alund M.
Garin C.
Schwartzman D.
Veger F.
Arguello F.
Reyes-Varela M.A.
Rachidi Y.
Granollers G.
Carballes Baena R.
Struff J.L.
Desein N.
Cecchinato M.
Kyrgios N.
Vesely J.
Basic M.
Corrie E.
Edmund K.
Reid M.
Ymer E.
Eriksson M.
Kozlov S.
Pavic A.
Bossel A.
Langer N.
Ward A.
Gonzalez A.
Salamanca C.
Estrella Burgos V.
Barrientos N.
Londero J.I.
Gomez E.
Struvay E.
Zverev A.
King K.
Harrison C.
Westerhof B.
Topic J.
Coric B.
Setkic A.
Novak D.
Peliwo F.
Mcdonald M.
Bogaerts R.
Altamirano C.
Herbert P.H.
Khachanov K.
Karatsev A.
Djere L.
Trongcharoenchaikul W.
Jeong S.Y.
Chung H.
Nedovyesov O.
Sekulic M.
Mecir M.
Kokkinakis T.
Nedunchezhiyan J.
Ramanathan R.
Albot R.
Nedovyesov A.
Zayed M.S.
Hossam K.
Struff J-L.
Dzumhur D.
Thompson J.
Rola B.
Artunedo Martinavarro A.
Daniel T.
Lama G.
Krstin P.
Hank T.
Khaddari H.
Ciorcila P.
Basilashvili N.
Travaglia S.
Milojevic N.
Vaisse M.
Michon A.
Arnaboldi A.
Lokoli L.
Coppejans K.
Puetz T.
Smethurst D.
Olivo R.
Thompson C.
Krueger M.
Diez S.
Pasha N.
De Paula F.
Galovic V.
Donaldson J.
Tiafoe F.
Schnur B.
Rubin N.
Giron M.
Mcgee J.
Nishioka Y.
Kohlschreiber P..
Jasika O.
Takeuchi K.
Burquier G.
Gao X.
Ouyang B.
Gerasimov E.
Herbert P-H.
Wang C.
Rublev A.
Baluda V.
Gombos N.
Vanni L.
Prashanth V.
Jarry N.
Escobar G.
Androic T.
Quigley E.
Herbert P.H
Martin F.
Bolt A.
De Greef A.
Munar J.
Giustino L.
Silva F.
Lestienne C.
Vega Hernandez D.
Ilkel C.
Trinker B.
Donati M.
Gaio F.
Hamou M.
Halys Q.
Gigounon G.
Marterer M.
Fritz T.
Demoliner M.
Sarkissian A.
Galan D.E.
Gomez A.
Trevisan M.
Eubanks C.
Hemery C.
King D.
Fratangelo B.
Paul T.
Shane R.
Shyla Y.
Uchiyama Y.
Niki T.
Zhang Ze
Zhang Zh.
Ymer M.
Miedler L.
Anderson O.
Kovalik J.
Zayid M. S.
Tearney F.
Barton M.
Lazov A.
Kuzmanov D.
Mmoh M.
Monteiro T.
Patino L.
Gomez L.
Kicker N.
Opelka R.
Munoz De La Nava D.
Ahouda A.
Carreno Busta P.
Bautista Agut R.
Cachin P.
Linzer M.
Caruso S.
Sonego L.
Ortega-Olmedo R.
Medvedev D.
Pavlasek A.
Bourgue M.
Samper-Montana J.
Barrere G.
Escobedo E.
Choinski J.
Willis M.
Lamasine T.
Arvidsson I.
Soderlund C.
Simonsson F.
Moeller M.
Satral J.
Wessels L.
Mertl J.
Nikles J.
Bellier A.
Santillan A.
Cacic N.
Serdarusic N.
Lopez-Perez E.
Shapovalov D.
Smith A.
Van Rijthoven T.
Myneni S.
Ivashka I.
Bublik A.
Ruud C.
Whittington A.
Maden Y.
De Loore J.
name
name
Mathieu P.H.
Benneteau J.
Korolev E.
Jones A.
Guccione C.
Odesnik W.
Nieminen J.
Klec I.
Tsonga J.W.
Hanescu V.
Spadea V.
Grosjean S.
Acasuso J.
Falla A.
Hewitt L.
Sela D.
Dancevic F.
Bolelli S.
Gulbis E.
Golubev A.
Sirianni J.
Querrey S.
Becker B.
Russell M.
Llodra M.
Zverev M.
Eschauer W.
Salva B.
Vliegen K.
Gicquel M.
Haase R.
Baghdatis M.
Garcia-Lopez G.
Peya A.
Zovko L.
Ascione T.
Nadal R.
Montcourt M.
Ram R.
Schukin Y.
Mahut N.
Moya C.
Gabashvili T.
Cilic M.
Troicki V.
Kudryavtsev A.
Amritraj P.
Youzhny M.
Roger-Vasselin E.
Serra F.
Malisse X.
Melzer J.
Murray A.
Rochus O.
Schuettler R.
Pavel A.
Tipsarevic J.
Ventura S.
Calleri A.
Robredo T.
Wawrinka S.
Martin A.
Davydenko N.
Dorsch B.
Kiefer N.
de Chaunac S.
Rochus C.
Karlovic I.
Tursunov D.
Montanes A.
Johansson T.
Berrer M.
Kohlschreiber P.
Volandri F.
Ljubicic I.
Lee H.T.
Santoro F.
Almagro N.
Chela J.I.
King-Turner D.
Mayer F.
Statham R.
Massu N.
Jones G.D.
Roitman S.
Rosol L.
Cakl T.
Ferrero J.C.
Levine J.
Ferrer D.
Hernandez O.
Monaco J.
Luczak P.
Berdych T.
Verdasco F.
Lopez F.
Jones G.
Blake J.
Simon G.
Fish M.
Gasquet R.
Andreev I.
Seppi A.
Stepanek R.
Darcis S.
Minar I.
Koubek S.
Baker J.
Capdeville P.
Klein B.
Clement A.
Pashanski B.
Vassallo-Arguello M.
Lu Y.H.
Reynolds B.
Slanar M.
Roddick A.
Dlouhy L.
Patience O.
Young D.
Anderson K.
Levy H.
Warburg S.
Brzezicki J.P.
Lindahl N.
Horna L.
Karanusic R.
Granollers M.
Djokovic N.
Delic A.
Kendrick R.
Berlocq C.
Ram A.
Nalbandian D.
Smeets R.
Istomin D.
Lacko L.
Gremelmayr D.
Safin M.
Vanek J.
Zabaleta M.
Fognini F.
Isner J.
Del Potro J.M.
Gonzalez F.
Economidis K.
Federer R.
Hartfield D.
Gaudio G.
Cuevas P.
Coria G.
Lapentti N.
Gimeno-Traver D.
Schwank E.
Podlipnik H.
Devilder N.
Marrero D.
Garcia A.
Bellucci T.
Aldi F.
Starace P.
Munoz de la Nava D.
Daniel M.
Decoud S.
Kuerten G.
Ginepri R.
Navarro-Pastor I.
Bowles C.
Haas T.
Bogomolov A.
Kunitsyn I.
Muller G.
Crugnola M.
Mirnyi M.
Gregorc L.
Nishikori K.
Soderling R.
Elgin M.
Huta Galung J.
Guez D.
Ancic M.
Dodig I.
Gonzalez M.
Prodon E.
Ramirez-Hidalgo R.
Bachinger M.
Sluiter R.
Hernych J.
Witten J.
Smyczek T.
Rodriguez B.
Canas G.
Echagaray B.
Ramirez C.
Bjorkman J.
Niemeyer F.
Skugor F.
Kavcic B.
de Voest R.
Bastl G.
Stakhovsky S.
Cervenak P.
Minar J.
Al-Ghareeb M.
Monfils G.
Ledovskikh M.
Nader M.
Giraldo S.
Vemic D.
Hrbaty D.
Sweeting R.
Gil F.
Sousa J.
Marach O.
Elias G.
Naso G.
Machado R.
Petzschner P.
Cipolla F.
Vicente F.
Armando H.
Harrison R.
Lopez-Jaen M.A.
Andujar P.
Lisnard J.R.
Trujillo G.
Lopez M.
Sanchez De Luna J.
Kukushkin M.
Marrai M.
Brands D.
Del Potro J.
Silva J.
Eitzinger R.
El Aynaoui Y.
Sidorenko A.
Fabbiano T.
Beck A.
Jun W.S.
Polansky P.
Ouahab L.
Verkerk M.
Hajek J.
Vagnozzi S.
Przysiezny M.
Chardy J.
Ouanna J.
Eysseric J.
Greul S.
Crivoi V.
Jenkins S.
Junqueira D.
Mannarino A.
Phau B.
Vacek J.
Lipsky S.
Goodall J.
Ward J.
Bogdanovic A.
De Voest R.
Evans D.
Bloomfield R.
Olejniczak D.
Berankis R.
Mertinak M.
Skoch D.
Janowicz J.
Dimitrov G.
Middelkoop M.
Dell'Acqua M.
Bopanna R.
Groth S.
Nielsen F.
Slabinsky A.
Kim K
Dabul B.
Kamke T.
Stadler S.
Bozoljac I.
Snobel P.
Van der Merwe I.
Galvani S.
Eaton C.
Rehnquist B.
Ryderstedt M.
Goransson T.
Prpic F.
Koellerer D.
Eleskovic E.
Lammer M.
Meffert D.
Bohli S.
Roshardt R.
Kim K.
Pless K.
Evans B.
Qureshi A.U.H.
Dent T.
Fischer M.
Brizzi A.
De Bakker T.
Cruciat A.
Sijsling I.
Matsukevitch D.
O'Neal J.
Soeda G.
Oswald P.
Mayer L.
Veic A.
Piccari F.
Belic L.
Yani M.
Stoppini A.
Estrella V.
Fleishman Z.
Devvarman S.
Ignatik U.
Delgado R.
De Heart R.
Ball C.
Recouderc L.
Zib T.
Alves T.
Krajicek A.
Udomchoke D.
Djokovic M.
Nam H.W.
Xu J.C.
Scherrer J.C.
Sun P.
Bai Y.
Jouan R.
Suzuki T.
Sugita Y.
Iwabuchi S.
Kondo H.
Ito Y.
Mamiit C.
Ito T.
Donskoy E.
Okun N.
Johansson J.
Chiudinelli M.
Lejnieks K.
Tomic B.
Hajji A.
Beck K.
Statham J.
Ebelthite C.
De Chaunac S.
Kindlmann D.
Klaasen R.
Anderson A.
Hutchins R.
Mektic N.
Saretta F.
Hocevar R.
Silva D.
Zampieri C.
Kubot L.
Poerschke L.
Mello R.
Widom T.
Lapentti G.
Munoz de La Nava D.
Ferreiro F.
Marchenko I.
Gonzalez S.
King E.
Al Ghareeb M.
Bhambri Y.
Ziadi M.
El Amrani R.
Chaki R.
Riba-Madrid P.
Krajinovic F.
Zlatanovic A.
Kloer S.
Vik R.
Rufin G.
Fleming C.
Norman D.
Berta D.
Zemlja G.
Ghedin R.
Zeballos H.
Vinciguerra A.
Munoz-De La Nava D.
Riba P.
Krawietz K.
Britton D.
Dustov F.
Del Bonis F.
Klizan M.
Agostinelli B.
Raonic M.
Ilhan M.
Buchanan C.
Luncanu P.A.
Copil M.
Valent R.
Wachiramanowong K.
Zeng S.X.
Gong M.X.
Biryukov M.
Kuznetsov A.
Kontinen H.
Haehnel J.
Lorenzi P.
Millot V.
Vovk S.
Dolgopolov O.
Haider-Maurer A.
Bautista R.
Millman J.
Ebden M.
Reister J.
Yang T.H.
Robert S.
Sorensen L.
Maamoun K.
Lemke J.
Cervantes I.
Matosevic M.
Kubler J.
Sergeyev I.
Brown D.
Balleret B.
Wolmarans F.
Van Der Merwe I.
Aguilar J.
Aranguren J.M.
Souza J.
Saavedra Corvalan C.
Jelenic P.
Bemelmans R.
Dutra Silva R.
Im K.T.
Deheart R.
Mertens Y.
Niland C.
Ramos-Vinolas A.
Lajovic D.
Di Mauro A.
Tavares L.
Gojowczyk P.
Mina G.
Paire B.
Emmrich M.
Junaid R.
Alcaide G.
Kudla D.
Bubka S.
Dasnieres de Veigy J.
Lindell C.
Knittel B.
Sadecky A.
Marti Y.
Velotti A.
Johnson S.
Melzer G.
Duclos P.L.
Bester P.
Lojda D.
Klahn B.
Sock J.
Ungur A.
Kravchuk K.
Si Y.M.
Cermak F.
Zhang Z.
Wu D.
Belyaev I.
Schoorel T.
Muster T.
Marti J.
Goffin D.
Sabry S.
Venus M.
Scholtz N.
Rios F.
Bagnis F.
Pospisil J.
Romboli F.
Clezar G.
Ghem A.
Kuznetsov Al.
Farah R.
Borvanov R.
Galdon P.
Kumantsov A.
Garza D.
Sanchez M.
Awadhy O.
Granollers Pujol G.
Kuznetsov An.
Gutierrez-Ferrol S.
Ramos A.
Carreno-Busta P.
Granollers-Pujol G.
Sousa P.
Teixeira M.
Gensse A.
Stebe C.M.
Cox D.
Golding O.
Kirillov E.
Walter L.
De Schepper K.
Wang J.
Olaso G.
Kern R.
Simmonds P.
Kosakowski D.
Grigelis L.
Pavic M.
Delic M.
Thiem D.
Sitak A.
Chvojka E.
Pospisil V.
Jaziri M.
Dutra Da Silva R.
Giannessi A.
Torebko P.
Rodrigues M.
Renavand N.
Li Z.
Zopp J.
Rieschick S.
Nedelko I.
Bedene A.
Duckworth J.
Mitchell B.
Vardhan V.
Al Mutawa J.
Viola Mat.
Van D. Merwe I.
Mesaros K.
Marcan D.
Kutrovsky D.
Lajola D.
Strode B.
Molteni A.
Olivetti A.
Cabal J.S.
Williams R.
Delbonis F.
Idmbarek Y.
Brugues-Davi A.
Moraru G.
Balazs A.
Gomez-Herrera C.
Baker B.
Broady L.
Fucsovics M.
Menendez-Maceiras A.
Trungelliti M.
Trusendi W.
Fraile G.
Viola M.
Ehrat S.
Laaksonen H.
Meister N.
Mcclune M.
Andreozzi G.
Moriya H.
Pella G.
Authom M.
Novikov D.
Reix C.
Vasilevski A.
Betov S.
Fidirko N.
Siriluethaiwattana P.
Deen Heshaam A.
Knowle J.
Davydenko P.
Inglot D.
Singh S.
Rosenholm P.
Stebe C-M.
Safwat M.
Ali Mutawa J.M.
Zayed M. S.
Smith J.P.
Saville L.
Weintraub A.
Pouille L.
Alund M.
Garin C.
Schwartzman D.
Veger F.
Arguello F.
Reyes-Varela M.A.
Rachidi Y.
Granollers G.
Carballes Baena R.
Struff J.L.
Desein N.
Cecchinato M.
Kyrgios N.
Vesely J.
Basic M.
Corrie E.
Edmund K.
Reid M.
Ymer E.
Eriksson M.
Kozlov S.
Pavic A.
Bossel A.
Langer N.
Ward A.
Gonzalez A.
Salamanca C.
Estrella Burgos V.
Barrientos N.
Londero J.I.
Gomez E.
Struvay E.
Zverev A.
King K.
Harrison C.
Westerhof B.
Topic J.
Coric B.
Setkic A.
Novak D.
Peliwo F.
Mcdonald M.
Bogaerts R.
Altamirano C.
Herbert P.H.
Khachanov K.
Karatsev A.
Djere L.
Trongcharoenchaikul W.
Jeong S.Y.
Chung H.
Nedovyesov O.
Sekulic M.
Mecir M.
Kokkinakis T.
Nedunchezhiyan J.
Ramanathan R.
Albot R.
Nedovyesov A.
Zayed M.S.
Hossam K.
Struff J-L.
Dzumhur D.
Thompson J.
Rola B.
Artunedo Martinavarro A.
Daniel T.
Lama G.
Krstin P.
Hank T.
Khaddari H.
Ciorcila P.
Basilashvili N.
Travaglia S.
Milojevic N.
Vaisse M.
Michon A.
Arnaboldi A.
Lokoli L.
Coppejans K.
Puetz T.
Smethurst D.
Olivo R.
Thompson C.
Krueger M.
Diez S.
Pasha N.
De Paula F.
Galovic V.
Donaldson J.
Tiafoe F.
Schnur B.
Rubin N.
Giron M.
Mcgee J.
Nishioka Y.
Kohlschreiber P..
Jasika O.
Takeuchi K.
Burquier G.
Gao X.
Ouyang B.
Gerasimov E.
Herbert P-H.
Wang C.
Rublev A.
Baluda V.
Gombos N.
Vanni L.
Prashanth V.
Jarry N.
Escobar G.
Androic T.
Quigley E.
Herbert P.H
Martin F.
Bolt A.
De Greef A.
Munar J.
Giustino L.
Silva F.
Lestienne C.
Vega Hernandez D.
Ilkel C.
Trinker B.
Donati M.
Gaio F.
Hamou M.
Halys Q.
Gigounon G.
Marterer M.
Fritz T.
Demoliner M.
Sarkissian A.
Galan D.E.
Gomez A.
Trevisan M.
Eubanks C.
Hemery C.
King D.
Fratangelo B.
Paul T.
Shane R.
Shyla Y.
Uchiyama Y.
Niki T.
Zhang Ze
Zhang Zh.
Ymer M.
Miedler L.
Anderson O.
Kovalik J.
Zayid M. S.
Tearney F.
Barton M.
Lazov A.
Kuzmanov D.
Mmoh M.
Monteiro T.
Patino L.
Gomez L.
Kicker N.
Opelka R.
Munoz De La Nava D.
Ahouda A.
Carreno Busta P.
Bautista Agut R.
Cachin P.
Linzer M.
Caruso S.
Sonego L.
Ortega-Olmedo R.
Medvedev D.
Pavlasek A.
Bourgue M.
Samper-Montana J.
Barrere G.
Escobedo E.
Choinski J.
Willis M.
Lamasine T.
Arvidsson I.
Soderlund C.
Simonsson F.
Moeller M.
Satral J.
Wessels L.
Mertl J.
Nikles J.
Bellier A.
Santillan A.
Cacic N.
Serdarusic N.
Lopez-Perez E.
Shapovalov D.
Smith A.
Van Rijthoven T.
Myneni S.
Ivashka I.
Bublik A.
Ruud C.
Whittington A.
Maden Y.
De Loore J.
name
name
Mathieu P.H.
Benneteau J.
Korolev E.
Jones A.
Guccione C.
Odesnik W.
Nieminen J.
Klec I.
Tsonga J.W.
Hanescu V.
Spadea V.
Grosjean S.
Acasuso J.
Falla A.
Hewitt L.
Sela D.
Dancevic F.
Bolelli S.
Gulbis E.
Golubev A.
Sirianni J.
Querrey S.
Becker B.
Russell M.
Llodra M.
Zverev M.
Eschauer W.
Salva B.
Vliegen K.
Gicquel M.
Haase R.
Baghdatis M.
Garcia-Lopez G.
Peya A.
Zovko L.
Ascione T.
Nadal R.
Montcourt M.
Ram R.
Schukin Y.
Mahut N.
Moya C.
Gabashvili T.
Cilic M.
Troicki V.
Kudryavtsev A.
Amritraj P.
Youzhny M.
Roger-Vasselin E.
Serra F.
Malisse X.
Melzer J.
Murray A.
Rochus O.
Schuettler R.
Pavel A.
Tipsarevic J.
Ventura S.
Calleri A.
Robredo T.
Wawrinka S.
Martin A.
Davydenko N.
Dorsch B.
Kiefer N.
de Chaunac S.
Rochus C.
Karlovic I.
Tursunov D.
Montanes A.
Johansson T.
Berrer M.
Kohlschreiber P.
Volandri F.
Ljubicic I.
Lee H.T.
Santoro F.
Almagro N.
Chela J.I.
King-Turner D.
Mayer F.
Statham R.
Massu N.
Jones G.D.
Roitman S.
Rosol L.
Cakl T.
Ferrero J.C.
Levine J.
Ferrer D.
Hernandez O.
Monaco J.
Luczak P.
Berdych T.
Verdasco F.
Lopez F.
Jones G.
Blake J.
Simon G.
Fish M.
Gasquet R.
Andreev I.
Seppi A.
Stepanek R.
Darcis S.
Minar I.
Koubek S.
Baker J.
Capdeville P.
Klein B.
Clement A.
Pashanski B.
Vassallo-Arguello M.
Lu Y.H.
Reynolds B.
Slanar M.
Roddick A.
Dlouhy L.
Patience O.
Young D.
Anderson K.
Levy H.
Warburg S.
Brzezicki J.P.
Lindahl N.
Horna L.
Karanusic R.
Granollers M.
Djokovic N.
Delic A.
Kendrick R.
Berlocq C.
Ram A.
Nalbandian D.
Smeets R.
Istomin D.
Lacko L.
Gremelmayr D.
Safin M.
Vanek J.
Zabaleta M.
Fognini F.
Isner J.
Del Potro J.M.
Gonzalez F.
Economidis K.
Federer R.
Hartfield D.
Gaudio G.
Cuevas P.
Coria G.
Lapentti N.
Gimeno-Traver D.
Schwank E.
Podlipnik H.
Devilder N.
Marrero D.
Garcia A.
Bellucci T.
Aldi F.
Starace P.
Munoz de la Nava D.
Daniel M.
Decoud S.
Kuerten G.
Ginepri R.
Navarro-Pastor I.
Bowles C.
Haas T.
Bogomolov A.
Kunitsyn I.
Muller G.
Crugnola M.
Mirnyi M.
Gregorc L.
Nishikori K.
Soderling R.
Elgin M.
Huta Galung J.
Guez D.
Ancic M.
Dodig I.
Gonzalez M.
Prodon E.
Ramirez-Hidalgo R.
Bachinger M.
Sluiter R.
Hernych J.
Witten J.
Smyczek T.
Rodriguez B.
Canas G.
Echagaray B.
Ramirez C.
Bjorkman J.
Niemeyer F.
Skugor F.
Kavcic B.
de Voest R.
Bastl G.
Stakhovsky S.
Cervenak P.
Minar J.
Al-Ghareeb M.
Monfils G.
Ledovskikh M.
Nader M.
Giraldo S.
Vemic D.
Hrbaty D.
Sweeting R.
Gil F.
Sousa J.
Marach O.
Elias G.
Naso G.
Machado R.
Petzschner P.
Cipolla F.
Vicente F.
Armando H.
Harrison R.
Lopez-Jaen M.A.
Andujar P.
Lisnard J.R.
Trujillo G.
Lopez M.
Sanchez De Luna J.
Kukushkin M.
Marrai M.
Brands D.
Del Potro J.
Silva J.
Eitzinger R.
El Aynaoui Y.
Sidorenko A.
Fabbiano T.
Beck A.
Jun W.S.
Polansky P.
Ouahab L.
Verkerk M.
Hajek J.
Vagnozzi S.
Przysiezny M.
Chardy J.
Ouanna J.
Eysseric J.
Greul S.
Crivoi V.
Jenkins S.
Junqueira D.
Mannarino A.
Phau B.
Vacek J.
Lipsky S.
Goodall J.
Ward J.
Bogdanovic A.
De Voest R.
Evans D.
Bloomfield R.
Olejniczak D.
Berankis R.
Mertinak M.
Skoch D.
Janowicz J.
Dimitrov G.
Middelkoop M.
Dell'Acqua M.
Bopanna R.
Groth S.
Nielsen F.
Slabinsky A.
Kim K
Dabul B.
Kamke T.
Stadler S.
Bozoljac I.
Snobel P.
Van der Merwe I.
Galvani S.
Eaton C.
Rehnquist B.
Ryderstedt M.
Goransson T.
Prpic F.
Koellerer D.
Eleskovic E.
Lammer M.
Meffert D.
Bohli S.
Roshardt R.
Kim K.
Pless K.
Evans B.
Qureshi A.U.H.
Dent T.
Fischer M.
Brizzi A.
De Bakker T.
Cruciat A.
Sijsling I.
Matsukevitch D.
O'Neal J.
Soeda G.
Oswald P.
Mayer L.
Veic A.
Piccari F.
Belic L.
Yani M.
Stoppini A.
Estrella V.
Fleishman Z.
Devvarman S.
Ignatik U.
Delgado R.
De Heart R.
Ball C.
Recouderc L.
Zib T.
Alves T.
Krajicek A.
Udomchoke D.
Djokovic M.
Nam H.W.
Xu J.C.
Scherrer J.C.
Sun P.
Bai Y.
Jouan R.
Suzuki T.
Sugita Y.
Iwabuchi S.
Kondo H.
Ito Y.
Mamiit C.
Ito T.
Donskoy E.
Okun N.
Johansson J.
Chiudinelli M.
Lejnieks K.
Tomic B.
Hajji A.
Beck K.
Statham J.
Ebelthite C.
De Chaunac S.
Kindlmann D.
Klaasen R.
Anderson A.
Hutchins R.
Mektic N.
Saretta F.
Hocevar R.
Silva D.
Zampieri C.
Kubot L.
Poerschke L.
Mello R.
Widom T.
Lapentti G.
Munoz de La Nava D.
Ferreiro F.
Marchenko I.
Gonzalez S.
King E.
Al Ghareeb M.
Bhambri Y.
Ziadi M.
El Amrani R.
Chaki R.
Riba-Madrid P.
Krajinovic F.
Zlatanovic A.
Kloer S.
Vik R.
Rufin G.
Fleming C.
Norman D.
Berta D.
Zemlja G.
Ghedin R.
Zeballos H.
Vinciguerra A.
Munoz-De La Nava D.
Riba P.
Krawietz K.
Britton D.
Dustov F.
Del Bonis F.
Klizan M.
Agostinelli B.
Raonic M.
Ilhan M.
Buchanan C.
Luncanu P.A.
Copil M.
Valent R.
Wachiramanowong K.
Zeng S.X.
Gong M.X.
Biryukov M.
Kuznetsov A.
Kontinen H.
Haehnel J.
Lorenzi P.
Millot V.
Vovk S.
Dolgopolov O.
Haider-Maurer A.
Bautista R.
Millman J.
Ebden M.
Reister J.
Yang T.H.
Robert S.
Sorensen L.
Maamoun K.
Lemke J.
Cervantes I.
Matosevic M.
Kubler J.
Sergeyev I.
Brown D.
Balleret B.
Wolmarans F.
Van Der Merwe I.
Aguilar J.
Aranguren J.M.
Souza J.
Saavedra Corvalan C.
Jelenic P.
Bemelmans R.
Dutra Silva R.
Im K.T.
Deheart R.
Mertens Y.
Niland C.
Ramos-Vinolas A.
Lajovic D.
Di Mauro A.
Tavares L.
Gojowczyk P.
Mina G.
Paire B.
Emmrich M.
Junaid R.
Alcaide G.
Kudla D.
Bubka S.
Dasnieres de Veigy J.
Lindell C.
Knittel B.
Sadecky A.
Marti Y.
Velotti A.
Johnson S.
Melzer G.
Duclos P.L.
Bester P.
Lojda D.
Klahn B.
Sock J.
Ungur A.
Kravchuk K.
Si Y.M.
Cermak F.
Zhang Z.
Wu D.
Belyaev I.
Schoorel T.
Muster T.
Marti J.
Goffin D.
Sabry S.
Venus M.
Scholtz N.
Rios F.
Bagnis F.
Pospisil J.
Romboli F.
Clezar G.
Ghem A.
Kuznetsov Al.
Farah R.
Borvanov R.
Galdon P.
Kumantsov A.
Garza D.
Sanchez M.
Awadhy O.
Granollers Pujol G.
Kuznetsov An.
Gutierrez-Ferrol S.
Ramos A.
Carreno-Busta P.
Granollers-Pujol G.
Sousa P.
Teixeira M.
Gensse A.
Stebe C.M.
Cox D.
Golding O.
Kirillov E.
Walter L.
De Schepper K.
Wang J.
Olaso G.
Kern R.
Simmonds P.
Kosakowski D.
Grigelis L.
Pavic M.
Delic M.
Thiem D.
Sitak A.
Chvojka E.
Pospisil V.
Jaziri M.
Dutra Da Silva R.
Giannessi A.
Torebko P.
Rodrigues M.
Renavand N.
Li Z.
Zopp J.
Rieschick S.
Nedelko I.
Bedene A.
Duckworth J.
Mitchell B.
Vardhan V.
Al Mutawa J.
Viola Mat.
Van D. Merwe I.
Mesaros K.
Marcan D.
Kutrovsky D.
Lajola D.
Strode B.
Molteni A.
Olivetti A.
Cabal J.S.
Williams R.
Delbonis F.
Idmbarek Y.
Brugues-Davi A.
Moraru G.
Balazs A.
Gomez-Herrera C.
Baker B.
Broady L.
Fucsovics M.
Menendez-Maceiras A.
Trungelliti M.
Trusendi W.
Fraile G.
Viola M.
Ehrat S.
Laaksonen H.
Meister N.
Mcclune M.
Andreozzi G.
Moriya H.
Pella G.
Authom M.
Novikov D.
Reix C.
Vasilevski A.
Betov S.
Fidirko N.
Siriluethaiwattana P.
Deen Heshaam A.
Knowle J.
Davydenko P.
Inglot D.
Singh S.
Rosenholm P.
Stebe C-M.
Safwat M.
Ali Mutawa J.M.
Zayed M. S.
Smith J.P.
Saville L.
Weintraub A.
Pouille L.
Alund M.
Garin C.
Schwartzman D.
Veger F.
Arguello F.
Reyes-Varela M.A.
Rachidi Y.
Granollers G.
Carballes Baena R.
Struff J.L.
Desein N.
Cecchinato M.
Kyrgios N.
Vesely J.
Basic M.
Corrie E.
Edmund K.
Reid M.
Ymer E.
Eriksson M.
Kozlov S.
Pavic A.
Bossel A.
Langer N.
Ward A.
Gonzalez A.
Salamanca C.
Estrella Burgos V.
Barrientos N.
Londero J.I.
Gomez E.
Struvay E.
Zverev A.
King K.
Harrison C.
Westerhof B.
Topic J.
Coric B.
Setkic A.
Novak D.
Peliwo F.
Mcdonald M.
Bogaerts R.
Altamirano C.
Herbert P.H.
Khachanov K.
Karatsev A.
Djere L.
Trongcharoenchaikul W.
Jeong S.Y.
Chung H.
Nedovyesov O.
Sekulic M.
Mecir M.
Kokkinakis T.
Nedunchezhiyan J.
Ramanathan R.
Albot R.
Nedovyesov A.
Zayed M.S.
Hossam K.
Struff J-L.
Dzumhur D.
Thompson J.
Rola B.
Artunedo Martinavarro A.
Daniel T.
Lama G.
Krstin P.
Hank T.
Khaddari H.
Ciorcila P.
Basilashvili N.
Travaglia S.
Milojevic N.
Vaisse M.
Michon A.
Arnaboldi A.
Lokoli L.
Coppejans K.
Puetz T.
Smethurst D.
Olivo R.
Thompson C.
Krueger M.
Diez S.
Pasha N.
De Paula F.
Galovic V.
Donaldson J.
Tiafoe F.
Schnur B.
Rubin N.
Giron M.
Mcgee J.
Nishioka Y.
Kohlschreiber P..
Jasika O.
Takeuchi K.
Burquier G.
Gao X.
Ouyang B.
Gerasimov E.
Herbert P-H.
Wang C.
Rublev A.
Baluda V.
Gombos N.
Vanni L.
Prashanth V.
Jarry N.
Escobar G.
Androic T.
Quigley E.
Herbert P.H
Martin F.
Bolt A.
De Greef A.
Munar J.
Giustino L.
Silva F.
Lestienne C.
Vega Hernandez D.
Ilkel C.
Trinker B.
Donati M.
Gaio F.
Hamou M.
Halys Q.
Gigounon G.
Marterer M.
Fritz T.
Demoliner M.
Sarkissian A.
Galan D.E.
Gomez A.
Trevisan M.
Eubanks C.
Hemery C.
King D.
Fratangelo B.
Paul T.
Shane R.
Shyla Y.
Uchiyama Y.
Niki T.
Zhang Ze
Zhang Zh.
Ymer M.
Miedler L.
Anderson O.
Kovalik J.
Zayid M. S.
Tearney F.
Barton M.
Lazov A.
Kuzmanov D.
Mmoh M.
Monteiro T.
Patino L.
Gomez L.
Kicker N.
Opelka R.
Munoz De La Nava D.
Ahouda A.
Carreno Busta P.
Bautista Agut R.
Cachin P.
Linzer M.
Caruso S.
Sonego L.
Ortega-Olmedo R.
Medvedev D.
Pavlasek A.
Bourgue M.
Samper-Montana J.
Barrere G.
Escobedo E.
Choinski J.
Willis M.
Lamasine T.
Arvidsson I.
Soderlund C.
Simonsson F.
Moeller M.
Satral J.
Wessels L.
Mertl J.
Nikles J.
Bellier A.
Santillan A.
Cacic N.
Serdarusic N.
Lopez-Perez E.
Shapovalov D.
Smith A.
Van Rijthoven T.
Myneni S.
Ivashka I.
Bublik A.
Ruud C.
Whittington A.
Maden Y.
De Loore J.
name
